-- phpMyAdmin SQL Dump
-- version 4.8.4
-- https://www.phpmyadmin.net/
--
-- Host: 127.0.0.1
-- Waktu pembuatan: 08 Mar 2019 pada 13.19
-- Versi server: 10.1.37-MariaDB
-- Versi PHP: 5.6.40

SET SQL_MODE = "NO_AUTO_VALUE_ON_ZERO";
SET AUTOCOMMIT = 0;
START TRANSACTION;
SET time_zone = "+00:00";


/*!40101 SET @OLD_CHARACTER_SET_CLIENT=@@CHARACTER_SET_CLIENT */;
/*!40101 SET @OLD_CHARACTER_SET_RESULTS=@@CHARACTER_SET_RESULTS */;
/*!40101 SET @OLD_COLLATION_CONNECTION=@@COLLATION_CONNECTION */;
/*!40101 SET NAMES utf8mb4 */;

--
-- Database: `nilai`
--

-- --------------------------------------------------------

--
-- Struktur dari tabel `asprak`
--

CREATE TABLE `asprak` (
  `nim_asprak` bigint(10) NOT NULL,
  `nama_asprak` varchar(50) NOT NULL,
  `password_asprak` varchar(50) NOT NULL
) ENGINE=InnoDB DEFAULT CHARSET=latin1;

--
-- Dumping data untuk tabel `asprak`
--

INSERT INTO `asprak` (`nim_asprak`, `nama_asprak`, `password_asprak`) VALUES
(6706174098, 'Aseng', 'c4ca4238a0b923820dcc509a6f75849b'),
(6706174111, 'Deviana Rahmadhani', 'c4ca4238a0b923820dcc509a6f75849b'),
(6706714023, 'aldi saragih', 'c4ca4238a0b923820dcc509a6f75849b');

-- --------------------------------------------------------

--
-- Struktur dari tabel `assesment`
--

CREATE TABLE `assesment` (
  `id_assesment` int(11) NOT NULL,
  `nim` bigint(10) NOT NULL,
  `kelas` int(11) NOT NULL,
  `nilai_ass1` int(11) NOT NULL DEFAULT '0',
  `nilai_ass2` int(11) NOT NULL DEFAULT '0',
  `nilai_ass3` int(11) NOT NULL DEFAULT '0'
) ENGINE=InnoDB DEFAULT CHARSET=latin1;

--
-- Dumping data untuk tabel `assesment`
--

INSERT INTO `assesment` (`id_assesment`, `nim`, `kelas`, `nilai_ass1`, `nilai_ass2`, `nilai_ass3`) VALUES
(1, 6702172007, 1, 100, 100, 90),
(2, 6702172001, 1, 0, 0, 0),
(3, 6702170053, 1, 0, 0, 0),
(4, 6702170066, 1, 0, 0, 0),
(5, 6702170060, 1, 0, 0, 0),
(6, 6702174050, 1, 0, 0, 0),
(7, 6702174081, 1, 0, 0, 0),
(8, 6702174017, 1, 0, 0, 0),
(9, 6702174100, 1, 0, 0, 0),
(10, 6702170020, 1, 0, 0, 0),
(11, 6702170088, 1, 0, 0, 0),
(12, 6702170075, 1, 0, 0, 0),
(13, 6702174014, 1, 0, 0, 0),
(14, 6702174026, 1, 0, 0, 0),
(15, 6702174023, 1, 0, 0, 0),
(16, 6702174032, 1, 0, 0, 0),
(17, 6702170029, 1, 0, 0, 0),
(18, 6702170109, 1, 0, 0, 0),
(19, 6702170010, 1, 0, 0, 0),
(20, 6702174094, 1, 0, 0, 0),
(21, 6702174072, 1, 0, 0, 0),
(22, 6702174013, 1, 0, 0, 0),
(23, 6702174036, 1, 0, 0, 0),
(24, 6702174078, 1, 0, 0, 0),
(25, 6702170106, 1, 0, 0, 0),
(26, 6702174089, 1, 0, 0, 0),
(27, 6702170084, 1, 0, 0, 0),
(28, 6702171040, 1, 0, 0, 0),
(29, 6702170057, 1, 0, 0, 0),
(30, 6702171069, 1, 0, 0, 0),
(31, 6702174095, 1, 0, 0, 0),
(32, 6702170045, 1, 0, 0, 0),
(33, 6702174043, 1, 0, 0, 0),
(34, 6702174103, 1, 0, 0, 0),
(35, 6702170070, 2, 0, 0, 0),
(36, 6702160014, 2, 0, 0, 0),
(37, 6702170076, 2, 0, 0, 0),
(38, 6702174011, 2, 0, 0, 0),
(39, 6702174110, 2, 0, 0, 0),
(40, 6702170018, 2, 0, 0, 0),
(41, 6702173021, 2, 0, 0, 0),
(42, 6702174104, 2, 0, 0, 0),
(43, 6702170034, 2, 0, 0, 0),
(44, 6702174015, 2, 0, 0, 0),
(45, 6702170091, 2, 0, 0, 0),
(46, 6702170064, 2, 0, 0, 0),
(47, 6702174107, 2, 0, 0, 0),
(48, 6702174024, 2, 0, 0, 0),
(49, 6702174002, 2, 0, 0, 0),
(50, 6702174101, 2, 0, 0, 0),
(51, 6702174027, 2, 0, 0, 0),
(52, 6702174038, 2, 0, 0, 0),
(53, 6702174061, 2, 0, 0, 0),
(54, 6702174054, 2, 0, 0, 0),
(55, 6702171056, 2, 0, 0, 0),
(56, 6702174005, 2, 0, 0, 0),
(57, 6702170033, 2, 0, 0, 0),
(58, 6702174044, 2, 0, 0, 0),
(59, 6702174082, 2, 0, 0, 0),
(60, 6702170058, 2, 0, 0, 0),
(61, 6702170073, 2, 0, 0, 0),
(62, 6702174051, 2, 0, 0, 0),
(63, 6702174090, 2, 0, 0, 0),
(64, 6702160108, 2, 0, 0, 0),
(65, 6702172052, 3, 0, 0, 0),
(66, 6702164111, 3, 0, 0, 0),
(67, 6702170031, 3, 0, 0, 0),
(68, 6702170049, 3, 0, 0, 0),
(69, 6702171080, 3, 0, 0, 0),
(70, 6702174105, 3, 0, 0, 0),
(71, 6702174025, 3, 0, 0, 0),
(72, 6702174083, 3, 0, 0, 0),
(73, 6702170114, 3, 0, 0, 0),
(74, 6702170059, 3, 0, 0, 0),
(75, 6702170006, 3, 0, 0, 0),
(76, 6702174108, 3, 0, 0, 0),
(77, 6702170087, 3, 0, 0, 0),
(78, 6702174003, 3, 0, 0, 0),
(79, 6702174046, 3, 0, 0, 0),
(80, 6702174009, 3, 0, 0, 0),
(81, 6702174092, 3, 0, 0, 0),
(82, 6702174074, 3, 0, 0, 0),
(83, 6702174037, 3, 0, 0, 0),
(84, 6702170077, 3, 0, 0, 0),
(85, 6702170039, 3, 0, 0, 0),
(86, 6702170055, 3, 0, 0, 0),
(87, 6702170071, 3, 0, 0, 0),
(88, 6702170102, 3, 0, 0, 0),
(89, 6702170016, 3, 0, 0, 0),
(90, 6702174086, 3, 0, 0, 0),
(91, 6702174019, 3, 0, 0, 0),
(92, 6702174022, 3, 0, 0, 0),
(93, 6702174042, 3, 0, 0, 0),
(94, 6702171093, 3, 0, 0, 0),
(95, 6704174098, 3, 0, 0, 0),
(96, 6702170068, 3, 0, 0, 0),
(97, 6702170099, 3, 0, 0, 0);

-- --------------------------------------------------------

--
-- Struktur dari tabel `kelas`
--

CREATE TABLE `kelas` (
  `kelas` int(11) NOT NULL,
  `nama_kelas` varchar(50) NOT NULL
) ENGINE=InnoDB DEFAULT CHARSET=latin1;

--
-- Dumping data untuk tabel `kelas`
--

INSERT INTO `kelas` (`kelas`, `nama_kelas`) VALUES
(1, 'D3 Teknik Komputer 41-01'),
(2, 'D3 Teknik Komputer 41-02'),
(3, 'D3 Teknik Komputer 41-03');

-- --------------------------------------------------------

--
-- Struktur dari tabel `mahasiswa`
--

CREATE TABLE `mahasiswa` (
  `nim` bigint(10) NOT NULL,
  `nama_mahasiswa` varchar(50) NOT NULL,
  `kelas` int(11) NOT NULL,
  `password_mahasiswa` varchar(50) NOT NULL
) ENGINE=InnoDB DEFAULT CHARSET=latin1;

--
-- Dumping data untuk tabel `mahasiswa`
--

INSERT INTO `mahasiswa` (`nim`, `nama_mahasiswa`, `kelas`, `password_mahasiswa`) VALUES
(6702160014, 'Muhammad Reza Fahmi', 2, '25d55ad283aa400af464c76d713c07ad'),
(6702160108, 'Ifal Alamsyah', 2, '25d55ad283aa400af464c76d713c07ad'),
(6702164111, 'Aditya Fiqri', 3, '25d55ad283aa400af464c76d713c07ad'),
(6702170006, 'Fachrur Rozi', 3, '25d55ad283aa400af464c76d713c07ad'),
(6702170010, 'Rafi Fauzan Dikri', 1, '25d55ad283aa400af464c76d713c07ad'),
(6702170016, 'Muhammad Rakha R', 3, '25d55ad283aa400af464c76d713c07ad'),
(6702170018, 'Imam Nugroho', 2, '25d55ad283aa400af464c76d713c07ad'),
(6702170020, 'Ariep Maulana Yassar', 1, '25d55ad283aa400af464c76d713c07ad'),
(6702170029, 'Farhan Fadhilah', 1, '25d55ad283aa400af464c76d713c07ad'),
(6702170031, 'afrizal', 3, '25d55ad283aa400af464c76d713c07ad'),
(6702170033, 'adhatya rizky suhendar', 2, '25d55ad283aa400af464c76d713c07ad'),
(6702170034, 'Nabila Noviyani', 2, '25d55ad283aa400af464c76d713c07ad'),
(6702170039, 'muhammad anas fadillah', 3, '25d55ad283aa400af464c76d713c07ad'),
(6702170045, 'nadela salsabila', 1, '25d55ad283aa400af464c76d713c07ad'),
(6702170049, 'Agi Akbar Fauzan', 3, '25d55ad283aa400af464c76d713c07ad'),
(6702170053, 'Aldi putra fidri', 1, '25d55ad283aa400af464c76d713c07ad'),
(6702170055, 'Muhammad Bustanul Arifin Nur Fathurrahman', 3, '25d55ad283aa400af464c76d713c07ad'),
(6702170057, 'Fadillah Akbar', 1, '25d55ad283aa400af464c76d713c07ad'),
(6702170058, 'Aulanda Ruldivem', 2, '25d55ad283aa400af464c76d713c07ad'),
(6702170059, 'Desanto J.Pangaribuan', 3, '25d55ad283aa400af464c76d713c07ad'),
(6702170060, 'Muhammad Thifaldy Muflih', 1, '25d55ad283aa400af464c76d713c07ad'),
(6702170064, 'Pratama Adi Putra', 2, '25d55ad283aa400af464c76d713c07ad'),
(6702170066, 'Muhammad Bastian Zafhran', 1, '25d55ad283aa400af464c76d713c07ad'),
(6702170068, 'Setyo Dwi Purnomo', 3, '25d55ad283aa400af464c76d713c07ad'),
(6702170070, 'Josua Pujion Lasniroha', 2, '25d55ad283aa400af464c76d713c07ad'),
(6702170071, 'Muhammad Faza Choirul Diva', 3, '25d55ad283aa400af464c76d713c07ad'),
(6702170073, 'Feriawan Saputra', 2, '25d55ad283aa400af464c76d713c07ad'),
(6702170075, 'M Yusuf Ramadhan', 1, '25d55ad283aa400af464c76d713c07ad'),
(6702170076, 'Samuel Jose H N', 2, '25d55ad283aa400af464c76d713c07ad'),
(6702170077, 'Muhammad Rik Ramdhani', 3, '25d55ad283aa400af464c76d713c07ad'),
(6702170084, 'Muhammad Sandiv Al-Fajri', 1, '25d55ad283aa400af464c76d713c07ad'),
(6702170087, 'FAHRURRASYID', 3, '25d55ad283aa400af464c76d713c07ad'),
(6702170088, 'Arief Sanusi', 1, '25d55ad283aa400af464c76d713c07ad'),
(6702170091, 'Ummy Rachmawati', 2, '25d55ad283aa400af464c76d713c07ad'),
(6702170099, 'Zeno Mahandika', 3, '25d55ad283aa400af464c76d713c07ad'),
(6702170102, 'MUHAMMAD HEKSARIALDI', 3, '25d55ad283aa400af464c76d713c07ad'),
(6702170106, 'Daniel Nicholas Parsaoran P', 1, '25d55ad283aa400af464c76d713c07ad'),
(6702170109, 'DIMAS TRI SUTRISNO', 1, '25d55ad283aa400af464c76d713c07ad'),
(6702170114, 'Bima Novendra', 3, '25d55ad283aa400af464c76d713c07ad'),
(6702171040, 'Jovanski Prima Wisuda', 1, '25d55ad283aa400af464c76d713c07ad'),
(6702171056, 'siti maspupah', 2, '25d55ad283aa400af464c76d713c07ad'),
(6702171069, 'Wildan Assegaf Nurza', 1, '25d55ad283aa400af464c76d713c07ad'),
(6702171080, 'Agung Tri Laksono', 3, '25d55ad283aa400af464c76d713c07ad'),
(6702171093, 'RIFQI AHMAD PRATAMA', 3, '25d55ad283aa400af464c76d713c07ad'),
(6702172001, 'Supriadi', 1, '25d55ad283aa400af464c76d713c07ad'),
(6702172007, 'davin pinardi', 1, '25d55ad283aa400af464c76d713c07ad'),
(6702172052, 'Adis Kusyadi Nugraha', 3, '25d55ad283aa400af464c76d713c07ad'),
(6702173021, 'aryo bimo pratama', 2, '25d55ad283aa400af464c76d713c07ad'),
(6702174002, 'Muhamad satya marutama', 2, '25d55ad283aa400af464c76d713c07ad'),
(6702174003, 'I Putu Ari Susila', 3, '25d55ad283aa400af464c76d713c07ad'),
(6702174005, 'Fikri Marzuq', 2, '25d55ad283aa400af464c76d713c07ad'),
(6702174009, 'ISWAN ARIYANTO', 3, '25d55ad283aa400af464c76d713c07ad'),
(6702174011, 'Aris Munandar', 2, '25d55ad283aa400af464c76d713c07ad'),
(6702174013, 'bilqist', 1, '25d55ad283aa400af464c76d713c07ad'),
(6702174014, 'm riduan azhari', 1, '25d55ad283aa400af464c76d713c07ad'),
(6702174015, 'Muhammad Agung Laksono', 2, '25d55ad283aa400af464c76d713c07ad'),
(6702174017, 'MUHAMMAD RIFKY SAIFUL QADR', 1, '25d55ad283aa400af464c76d713c07ad'),
(6702174019, 'raefa muhadjirin pratama', 3, '25d55ad283aa400af464c76d713c07ad'),
(6702174022, 'RASYID EFENDI LUBIS', 3, '25d55ad283aa400af464c76d713c07ad'),
(6702174023, 'Aldhi Prambudi', 1, '25d55ad283aa400af464c76d713c07ad'),
(6702174024, 'Rizqi Aziz Ikhfanto', 2, '25d55ad283aa400af464c76d713c07ad'),
(6702174025, 'Axel Davlin', 3, '25d55ad283aa400af464c76d713c07ad'),
(6702174026, 'Muhammad Daffa Ilyasa', 1, '25d55ad283aa400af464c76d713c07ad'),
(6702174027, 'muhammad ariansyah', 2, '25d55ad283aa400af464c76d713c07ad'),
(6702174032, 'Dwi Galih Ramadhan', 1, '25d55ad283aa400af464c76d713c07ad'),
(6702174036, 'Antaufany Puji Rahmadha', 1, '25d55ad283aa400af464c76d713c07ad'),
(6702174037, 'Mikhaelita Debora', 3, '25d55ad283aa400af464c76d713c07ad'),
(6702174038, 'Dany Fagih Naufal', 2, '25d55ad283aa400af464c76d713c07ad'),
(6702174042, 'Ray Samudra Bagas Daniarsyah', 3, '25d55ad283aa400af464c76d713c07ad'),
(6702174043, 'Nezard Wildan', 1, '25d55ad283aa400af464c76d713c07ad'),
(6702174044, 'Gusti Rahmat Akbar', 2, '25d55ad283aa400af464c76d713c07ad'),
(6702174046, 'Ilham Mustofa Firdaus', 3, '25d55ad283aa400af464c76d713c07ad'),
(6702174050, 'Akhmad Fauzy Epriliawan', 1, '25d55ad283aa400af464c76d713c07ad'),
(6702174051, 'FAIZAL RIFQI', 2, '25d55ad283aa400af464c76d713c07ad'),
(6702174054, 'Samuel Presdilan Siagian', 2, '25d55ad283aa400af464c76d713c07ad'),
(6702174061, 'thimoty charel p', 2, '25d55ad283aa400af464c76d713c07ad'),
(6702174072, 'Alfian Nasir', 1, '25d55ad283aa400af464c76d713c07ad'),
(6702174074, 'Leon Truzqy Zainun', 3, '25d55ad283aa400af464c76d713c07ad'),
(6702174078, 'Aji abdillah', 1, '25d55ad283aa400af464c76d713c07ad'),
(6702174081, 'Rizal Fajar', 1, '25d55ad283aa400af464c76d713c07ad'),
(6702174082, 'Kevin Simangunsong', 2, '25d55ad283aa400af464c76d713c07ad'),
(6702174083, 'Bayu Orenza Perangin Angin', 3, '25d55ad283aa400af464c76d713c07ad'),
(6702174086, 'Putri Ramadhani', 3, '25d55ad283aa400af464c76d713c07ad'),
(6702174089, 'Friska Yolanda Sitorus', 1, '25d55ad283aa400af464c76d713c07ad'),
(6702174090, 'reza raditya', 2, '25d55ad283aa400af464c76d713c07ad'),
(6702174092, 'Kamsia Lumban Toruan', 3, '25d55ad283aa400af464c76d713c07ad'),
(6702174094, 'LUCY DWI HARSENO', 1, '25d55ad283aa400af464c76d713c07ad'),
(6702174095, 'denadaputri', 1, '25d55ad283aa400af464c76d713c07ad'),
(6702174100, 'Bayu Firdausa', 1, '25d55ad283aa400af464c76d713c07ad'),
(6702174101, 'Riza Ali Faturachman', 2, '25d55ad283aa400af464c76d713c07ad'),
(6702174103, 'dody wendri', 1, '25d55ad283aa400af464c76d713c07ad'),
(6702174104, 'Pramana yudha Handika', 2, '25d55ad283aa400af464c76d713c07ad'),
(6702174105, 'Arif Faishal Nugraha', 3, '25d55ad283aa400af464c76d713c07ad'),
(6702174107, 'Muhammad Riansya D', 2, '25d55ad283aa400af464c76d713c07ad'),
(6702174108, 'fachry nurman adisa', 3, '25d55ad283aa400af464c76d713c07ad'),
(6702174110, 'Muhammad Alif Fathiraihan', 2, '25d55ad283aa400af464c76d713c07ad'),
(6704174098, 'Rizky Farras Aushaf', 3, '25d55ad283aa400af464c76d713c07ad');

-- --------------------------------------------------------

--
-- Struktur dari tabel `modul`
--

CREATE TABLE `modul` (
  `id_modul` int(11) NOT NULL,
  `nama_modul` varchar(50) NOT NULL
) ENGINE=InnoDB DEFAULT CHARSET=latin1;

--
-- Dumping data untuk tabel `modul`
--

INSERT INTO `modul` (`id_modul`, `nama_modul`) VALUES
(1, 'Dasar Aplikasi Web'),
(2, 'Konsep Design User Interface'),
(3, 'HTML, CSS, JAVASCRIPT'),
(4, 'HTML5 Dan CSS3'),
(5, 'JavaScript'),
(6, 'Form dan Validasi'),
(7, 'Variabel & Tipe Data'),
(8, 'Pengolahan Form Input PHP'),
(9, 'Condition, Looping & Integer'),
(10, 'String, Validasi Data & Error Handle'),
(11, 'Array, Session & Class Object'),
(12, 'MySQL & Dasar SQL'),
(13, 'CRUD');

-- --------------------------------------------------------

--
-- Struktur dari tabel `nilai`
--

CREATE TABLE `nilai` (
  `id_nilai` int(11) NOT NULL,
  `id_modul` int(11) NOT NULL,
  `nim` bigint(10) NOT NULL,
  `kelas` int(11) NOT NULL,
  `nilai_tes_pendahuluan` int(11) NOT NULL,
  `nilai_tes_awal` int(11) NOT NULL,
  `nilai_jurnal` int(11) NOT NULL,
  `nilai_tes_akhir` int(11) NOT NULL,
  `total` int(11) NOT NULL
) ENGINE=InnoDB DEFAULT CHARSET=latin1;

--
-- Dumping data untuk tabel `nilai`
--

INSERT INTO `nilai` (`id_nilai`, `id_modul`, `nim`, `kelas`, `nilai_tes_pendahuluan`, `nilai_tes_awal`, `nilai_jurnal`, `nilai_tes_akhir`, `total`) VALUES
(1, 1, 6702172007, 1, 0, 0, 0, 0, 0),
(2, 1, 6702172001, 1, 0, 0, 0, 0, 0),
(3, 1, 6702170053, 1, 0, 0, 0, 0, 0),
(4, 1, 6702170066, 1, 0, 0, 0, 0, 0),
(5, 1, 6702170060, 1, 0, 0, 0, 0, 0),
(6, 1, 6702174050, 1, 0, 0, 0, 0, 0),
(7, 1, 6702174081, 1, 0, 0, 0, 0, 0),
(8, 1, 6702174017, 1, 0, 0, 0, 0, 0),
(9, 1, 6702174100, 1, 0, 0, 0, 0, 0),
(10, 1, 6702170020, 1, 0, 0, 0, 0, 0),
(11, 1, 6702170088, 1, 0, 0, 0, 0, 0),
(12, 1, 6702170075, 1, 0, 0, 0, 0, 0),
(13, 1, 6702174014, 1, 0, 0, 0, 0, 0),
(14, 1, 6702174026, 1, 0, 0, 0, 0, 0),
(15, 1, 6702174023, 1, 0, 0, 0, 0, 0),
(16, 1, 6702174032, 1, 0, 0, 0, 0, 0),
(17, 1, 6702170029, 1, 0, 0, 0, 0, 0),
(18, 1, 6702170109, 1, 0, 0, 0, 0, 0),
(19, 1, 6702170010, 1, 10, 10, 55, 10, 85),
(20, 1, 6702174094, 1, 0, 0, 0, 0, 0),
(21, 1, 6702174072, 1, 0, 0, 0, 0, 0),
(22, 1, 6702174013, 1, 0, 0, 0, 0, 0),
(23, 1, 6702174036, 1, 0, 0, 0, 0, 0),
(24, 1, 6702174078, 1, 0, 0, 0, 0, 0),
(25, 1, 6702170106, 1, 0, 0, 0, 0, 0),
(26, 1, 6702174089, 1, 0, 0, 0, 0, 0),
(27, 1, 6702170084, 1, 0, 0, 0, 0, 0),
(28, 1, 6702171040, 1, 0, 0, 0, 0, 0),
(29, 1, 6702170057, 1, 0, 0, 0, 0, 0),
(30, 1, 6702171069, 1, 0, 0, 0, 0, 0),
(31, 1, 6702174095, 1, 0, 0, 0, 0, 0),
(32, 1, 6702170045, 1, 0, 0, 0, 0, 0),
(33, 1, 6702174043, 1, 0, 0, 0, 0, 0),
(34, 1, 6702174103, 1, 0, 0, 0, 0, 0),
(35, 1, 6702170070, 2, 0, 0, 0, 0, 0),
(36, 1, 6702160014, 2, 0, 0, 0, 0, 0),
(37, 1, 6702170076, 2, 0, 0, 0, 0, 0),
(38, 1, 6702174011, 2, 0, 0, 0, 0, 0),
(39, 1, 6702174110, 2, 0, 0, 0, 0, 0),
(40, 1, 6702170018, 2, 0, 0, 0, 0, 0),
(41, 1, 6702173021, 2, 0, 0, 0, 0, 0),
(42, 1, 6702174104, 2, 0, 0, 0, 0, 0),
(43, 1, 6702170034, 2, 0, 0, 0, 0, 0),
(44, 1, 6702174015, 2, 0, 0, 0, 0, 0),
(45, 1, 6702170091, 2, 0, 0, 0, 0, 0),
(46, 1, 6702170064, 2, 0, 0, 0, 0, 0),
(47, 1, 6702174107, 2, 0, 0, 0, 0, 0),
(48, 1, 6702174024, 2, 0, 0, 0, 0, 0),
(49, 1, 6702174002, 2, 0, 0, 0, 0, 0),
(50, 1, 6702174101, 2, 0, 0, 0, 0, 0),
(51, 1, 6702174027, 2, 0, 0, 0, 0, 0),
(52, 1, 6702174038, 2, 0, 0, 0, 0, 0),
(53, 1, 6702174061, 2, 0, 0, 0, 0, 0),
(54, 1, 6702174054, 2, 0, 0, 0, 0, 0),
(55, 1, 6702171056, 2, 0, 0, 0, 0, 0),
(56, 1, 6702174005, 2, 0, 0, 0, 0, 0),
(57, 1, 6702170033, 2, 0, 0, 0, 0, 0),
(58, 1, 6702174044, 2, 0, 0, 0, 0, 0),
(59, 1, 6702174082, 2, 0, 0, 0, 0, 0),
(60, 1, 6702170058, 2, 0, 0, 0, 0, 0),
(61, 1, 6702170073, 2, 0, 0, 0, 0, 0),
(62, 1, 6702174051, 2, 0, 0, 0, 0, 0),
(63, 1, 6702174090, 2, 0, 0, 0, 0, 0),
(64, 1, 6702160108, 2, 0, 0, 0, 0, 0),
(65, 1, 6702172052, 3, 0, 0, 0, 0, 0),
(66, 1, 6702164111, 3, 0, 0, 0, 0, 0),
(67, 1, 6702170031, 3, 0, 0, 0, 0, 0),
(68, 1, 6702170049, 3, 0, 0, 0, 0, 0),
(69, 1, 6702171080, 3, 0, 0, 0, 0, 0),
(70, 1, 6702174105, 3, 0, 0, 0, 0, 0),
(71, 1, 6702174025, 3, 0, 0, 0, 0, 0),
(72, 1, 6702174083, 3, 0, 0, 0, 0, 0),
(73, 1, 6702170114, 3, 0, 0, 0, 0, 0),
(74, 1, 6702170059, 3, 0, 0, 0, 0, 0),
(75, 1, 6702170006, 3, 0, 0, 0, 0, 0),
(76, 1, 6702174108, 3, 0, 0, 0, 0, 0),
(77, 1, 6702170087, 3, 0, 0, 0, 0, 0),
(78, 1, 6702174003, 3, 0, 0, 0, 0, 0),
(79, 1, 6702174046, 3, 0, 0, 0, 0, 0),
(80, 1, 6702174009, 3, 0, 0, 0, 0, 0),
(81, 1, 6702174092, 3, 0, 0, 0, 0, 0),
(82, 1, 6702174074, 3, 0, 0, 0, 0, 0),
(83, 1, 6702174037, 3, 0, 0, 0, 0, 0),
(84, 1, 6702170077, 3, 0, 0, 0, 0, 0),
(85, 1, 6702170039, 3, 0, 0, 0, 0, 0),
(86, 1, 6702170055, 3, 0, 0, 0, 0, 0),
(87, 1, 6702170071, 3, 0, 0, 0, 0, 0),
(88, 1, 6702170102, 3, 0, 0, 0, 0, 0),
(89, 1, 6702170016, 3, 0, 0, 0, 0, 0),
(90, 1, 6702174086, 3, 0, 0, 0, 0, 0),
(91, 1, 6702174019, 3, 0, 0, 0, 0, 0),
(92, 1, 6702174022, 3, 0, 0, 0, 0, 0),
(93, 1, 6702174042, 3, 0, 0, 0, 0, 0),
(94, 1, 6702171093, 3, 0, 0, 0, 0, 0),
(95, 1, 6704174098, 3, 0, 0, 0, 0, 0),
(96, 1, 6702170068, 3, 0, 0, 0, 0, 0),
(97, 1, 6702170099, 3, 0, 0, 0, 0, 0),
(98, 2, 6702172007, 1, 0, 0, 0, 0, 0),
(99, 2, 6702172001, 1, 0, 0, 0, 0, 0),
(100, 2, 6702170053, 1, 0, 0, 0, 0, 0),
(101, 2, 6702170066, 1, 0, 0, 0, 0, 0),
(102, 2, 6702170060, 1, 0, 0, 0, 0, 0),
(103, 2, 6702174050, 1, 0, 0, 0, 0, 0),
(104, 2, 6702174081, 1, 0, 0, 0, 0, 0),
(105, 2, 6702174017, 1, 0, 0, 0, 0, 0),
(106, 2, 6702174100, 1, 0, 0, 0, 0, 0),
(107, 2, 6702170020, 1, 0, 0, 0, 0, 0),
(108, 2, 6702170088, 1, 0, 0, 0, 0, 0),
(109, 2, 6702170075, 1, 0, 0, 0, 0, 0),
(110, 2, 6702174014, 1, 0, 0, 0, 0, 0),
(111, 2, 6702174026, 1, 0, 0, 0, 0, 0),
(112, 2, 6702174023, 1, 0, 0, 0, 0, 0),
(113, 2, 6702174032, 1, 0, 0, 0, 0, 0),
(114, 2, 6702170029, 1, 0, 0, 0, 0, 0),
(115, 2, 6702170109, 1, 0, 0, 0, 0, 0),
(116, 2, 6702170010, 1, 0, 0, 0, 0, 0),
(117, 2, 6702174094, 1, 0, 0, 0, 0, 0),
(118, 2, 6702174072, 1, 0, 0, 0, 0, 0),
(119, 2, 6702174013, 1, 0, 0, 0, 0, 0),
(120, 2, 6702174036, 1, 0, 0, 0, 0, 0),
(121, 2, 6702174078, 1, 0, 0, 0, 0, 0),
(122, 2, 6702170106, 1, 0, 0, 0, 0, 0),
(123, 2, 6702174089, 1, 0, 0, 0, 0, 0),
(124, 2, 6702170084, 1, 0, 0, 0, 0, 0),
(125, 2, 6702171040, 1, 0, 0, 0, 0, 0),
(126, 2, 6702170057, 1, 0, 0, 0, 0, 0),
(127, 2, 6702171069, 1, 0, 0, 0, 0, 0),
(128, 2, 6702174095, 1, 0, 0, 0, 0, 0),
(129, 2, 6702170045, 1, 0, 0, 0, 0, 0),
(130, 2, 6702174043, 1, 0, 0, 0, 0, 0),
(131, 2, 6702174103, 1, 0, 0, 0, 0, 0),
(132, 2, 6702170070, 2, 0, 0, 0, 0, 0),
(133, 2, 6702160014, 2, 0, 0, 0, 0, 0),
(134, 2, 6702170076, 2, 0, 0, 0, 0, 0),
(135, 2, 6702174011, 2, 0, 0, 0, 0, 0),
(136, 2, 6702174110, 2, 0, 0, 0, 0, 0),
(137, 2, 6702170018, 2, 0, 0, 0, 0, 0),
(138, 2, 6702173021, 2, 0, 0, 0, 0, 0),
(139, 2, 6702174104, 2, 0, 0, 0, 0, 0),
(140, 2, 6702170034, 2, 0, 0, 0, 0, 0),
(141, 2, 6702174015, 2, 0, 0, 0, 0, 0),
(142, 2, 6702170091, 2, 0, 0, 0, 0, 0),
(143, 2, 6702170064, 2, 0, 0, 0, 0, 0),
(144, 2, 6702174107, 2, 0, 0, 0, 0, 0),
(145, 2, 6702174024, 2, 0, 0, 0, 0, 0),
(146, 2, 6702174002, 2, 0, 0, 0, 0, 0),
(147, 2, 6702174101, 2, 0, 0, 0, 0, 0),
(148, 2, 6702174027, 2, 0, 0, 0, 0, 0),
(149, 2, 6702174038, 2, 0, 0, 0, 0, 0),
(150, 2, 6702174061, 2, 0, 0, 0, 0, 0),
(151, 2, 6702174054, 2, 0, 0, 0, 0, 0),
(152, 2, 6702171056, 2, 0, 0, 0, 0, 0),
(153, 2, 6702174005, 2, 0, 0, 0, 0, 0),
(154, 2, 6702170033, 2, 0, 0, 0, 0, 0),
(155, 2, 6702174044, 2, 0, 0, 0, 0, 0),
(156, 2, 6702174082, 2, 0, 0, 0, 0, 0),
(157, 2, 6702170058, 2, 0, 0, 0, 0, 0),
(158, 2, 6702170073, 2, 0, 0, 0, 0, 0),
(159, 2, 6702174051, 2, 0, 0, 0, 0, 0),
(160, 2, 6702174090, 2, 0, 0, 0, 0, 0),
(161, 2, 6702160108, 2, 0, 0, 0, 0, 0),
(162, 2, 6702172052, 3, 0, 0, 0, 0, 0),
(163, 2, 6702164111, 3, 0, 0, 0, 0, 0),
(164, 2, 6702170031, 3, 0, 0, 0, 0, 0),
(165, 2, 6702170049, 3, 0, 0, 0, 0, 0),
(166, 2, 6702171080, 3, 0, 0, 0, 0, 0),
(167, 2, 6702174105, 3, 0, 0, 0, 0, 0),
(168, 2, 6702174025, 3, 0, 0, 0, 0, 0),
(169, 2, 6702174083, 3, 0, 0, 0, 0, 0),
(170, 2, 6702170114, 3, 0, 0, 0, 0, 0),
(171, 2, 6702170059, 3, 0, 0, 0, 0, 0),
(172, 2, 6702170006, 3, 0, 0, 0, 0, 0),
(173, 2, 6702174108, 3, 0, 0, 0, 0, 0),
(174, 2, 6702170087, 3, 0, 0, 0, 0, 0),
(175, 2, 6702174003, 3, 0, 0, 0, 0, 0),
(176, 2, 6702174046, 3, 0, 0, 0, 0, 0),
(177, 2, 6702174009, 3, 0, 0, 0, 0, 0),
(178, 2, 6702174092, 3, 0, 0, 0, 0, 0),
(179, 2, 6702174074, 3, 0, 0, 0, 0, 0),
(180, 2, 6702174037, 3, 0, 0, 0, 0, 0),
(181, 2, 6702170077, 3, 0, 0, 0, 0, 0),
(182, 2, 6702170039, 3, 0, 0, 0, 0, 0),
(183, 2, 6702170055, 3, 0, 0, 0, 0, 0),
(184, 2, 6702170071, 3, 0, 0, 0, 0, 0),
(185, 2, 6702170102, 3, 0, 0, 0, 0, 0),
(186, 2, 6702170016, 3, 0, 0, 0, 0, 0),
(187, 2, 6702174086, 3, 0, 0, 0, 0, 0),
(188, 2, 6702174019, 3, 0, 0, 0, 0, 0),
(189, 2, 6702174022, 3, 0, 0, 0, 0, 0),
(190, 2, 6702174042, 3, 0, 0, 0, 0, 0),
(191, 2, 6702171093, 3, 0, 0, 0, 0, 0),
(192, 2, 6704174098, 3, 0, 0, 0, 0, 0),
(193, 2, 6702170068, 3, 0, 0, 0, 0, 0),
(194, 2, 6702170099, 3, 0, 0, 0, 0, 0),
(195, 3, 6702172007, 1, 0, 0, 0, 0, 0),
(196, 3, 6702172001, 1, 0, 0, 0, 0, 0),
(197, 3, 6702170053, 1, 0, 0, 0, 0, 0),
(198, 3, 6702170066, 1, 0, 0, 0, 0, 0),
(199, 3, 6702170060, 1, 0, 0, 0, 0, 0),
(200, 3, 6702174050, 1, 0, 0, 0, 0, 0),
(201, 3, 6702174081, 1, 0, 0, 0, 0, 0),
(202, 3, 6702174017, 1, 0, 0, 0, 0, 0),
(203, 3, 6702174100, 1, 0, 0, 0, 0, 0),
(204, 3, 6702170020, 1, 0, 0, 0, 0, 0),
(205, 3, 6702170088, 1, 0, 0, 0, 0, 0),
(206, 3, 6702170075, 1, 0, 0, 0, 0, 0),
(207, 3, 6702174014, 1, 0, 0, 0, 0, 0),
(208, 3, 6702174026, 1, 0, 0, 0, 0, 0),
(209, 3, 6702174023, 1, 0, 0, 0, 0, 0),
(210, 3, 6702174032, 1, 0, 0, 0, 0, 0),
(211, 3, 6702170029, 1, 0, 0, 0, 0, 0),
(212, 3, 6702170109, 1, 0, 0, 0, 0, 0),
(213, 3, 6702170010, 1, 0, 0, 0, 0, 0),
(214, 3, 6702174094, 1, 0, 0, 0, 0, 0),
(215, 3, 6702174072, 1, 0, 0, 0, 0, 0),
(216, 3, 6702174013, 1, 0, 0, 0, 0, 0),
(217, 3, 6702174036, 1, 0, 0, 0, 0, 0),
(218, 3, 6702174078, 1, 0, 0, 0, 0, 0),
(219, 3, 6702170106, 1, 0, 0, 0, 0, 0),
(220, 3, 6702174089, 1, 0, 0, 0, 0, 0),
(221, 3, 6702170084, 1, 0, 0, 0, 0, 0),
(222, 3, 6702171040, 1, 0, 0, 0, 0, 0),
(223, 3, 6702170057, 1, 0, 0, 0, 0, 0),
(224, 3, 6702171069, 1, 0, 0, 0, 0, 0),
(225, 3, 6702174095, 1, 0, 0, 0, 0, 0),
(226, 3, 6702170045, 1, 0, 0, 0, 0, 0),
(227, 3, 6702174043, 1, 0, 0, 0, 0, 0),
(228, 3, 6702174103, 1, 0, 0, 0, 0, 0),
(229, 3, 6702170070, 2, 0, 0, 0, 0, 0),
(230, 3, 6702160014, 2, 0, 0, 0, 0, 0),
(231, 3, 6702170076, 2, 0, 0, 0, 0, 0),
(232, 3, 6702174011, 2, 0, 0, 0, 0, 0),
(233, 3, 6702174110, 2, 0, 0, 0, 0, 0),
(234, 3, 6702170018, 2, 0, 0, 0, 0, 0),
(235, 3, 6702173021, 2, 0, 0, 0, 0, 0),
(236, 3, 6702174104, 2, 0, 0, 0, 0, 0),
(237, 3, 6702170034, 2, 0, 0, 0, 0, 0),
(238, 3, 6702174015, 2, 0, 0, 0, 0, 0),
(239, 3, 6702170091, 2, 0, 0, 0, 0, 0),
(240, 3, 6702170064, 2, 0, 0, 0, 0, 0),
(241, 3, 6702174107, 2, 0, 0, 0, 0, 0),
(242, 3, 6702174024, 2, 0, 0, 0, 0, 0),
(243, 3, 6702174002, 2, 0, 0, 0, 0, 0),
(244, 3, 6702174101, 2, 0, 0, 0, 0, 0),
(245, 3, 6702174027, 2, 0, 0, 0, 0, 0),
(246, 3, 6702174038, 2, 0, 0, 0, 0, 0),
(247, 3, 6702174061, 2, 0, 0, 0, 0, 0),
(248, 3, 6702174054, 2, 0, 0, 0, 0, 0),
(249, 3, 6702171056, 2, 0, 0, 0, 0, 0),
(250, 3, 6702174005, 2, 0, 0, 0, 0, 0),
(251, 3, 6702170033, 2, 0, 0, 0, 0, 0),
(252, 3, 6702174044, 2, 0, 0, 0, 0, 0),
(253, 3, 6702174082, 2, 0, 0, 0, 0, 0),
(254, 3, 6702170058, 2, 0, 0, 0, 0, 0),
(255, 3, 6702170073, 2, 0, 0, 0, 0, 0),
(256, 3, 6702174051, 2, 0, 0, 0, 0, 0),
(257, 3, 6702174090, 2, 0, 0, 0, 0, 0),
(258, 3, 6702160108, 2, 0, 0, 0, 0, 0),
(259, 3, 6702172052, 3, 0, 0, 0, 0, 0),
(260, 3, 6702164111, 3, 0, 0, 0, 0, 0),
(261, 3, 6702170031, 3, 0, 0, 0, 0, 0),
(262, 3, 6702170049, 3, 0, 0, 0, 0, 0),
(263, 3, 6702171080, 3, 0, 0, 0, 0, 0),
(264, 3, 6702174105, 3, 0, 0, 0, 0, 0),
(265, 3, 6702174025, 3, 0, 0, 0, 0, 0),
(266, 3, 6702174083, 3, 0, 0, 0, 0, 0),
(267, 3, 6702170114, 3, 0, 0, 0, 0, 0),
(268, 3, 6702170059, 3, 0, 0, 0, 0, 0),
(269, 3, 6702170006, 3, 0, 0, 0, 0, 0),
(270, 3, 6702174108, 3, 0, 0, 0, 0, 0),
(271, 3, 6702170087, 3, 0, 0, 0, 0, 0),
(272, 3, 6702174003, 3, 0, 0, 0, 0, 0),
(273, 3, 6702174046, 3, 0, 0, 0, 0, 0),
(274, 3, 6702174009, 3, 0, 0, 0, 0, 0),
(275, 3, 6702174092, 3, 0, 0, 0, 0, 0),
(276, 3, 6702174074, 3, 0, 0, 0, 0, 0),
(277, 3, 6702174037, 3, 0, 0, 0, 0, 0),
(278, 3, 6702170077, 3, 8, 12, 55, 10, 85),
(279, 3, 6702170039, 3, 0, 0, 0, 0, 0),
(280, 3, 6702170055, 3, 0, 0, 0, 0, 0),
(281, 3, 6702170071, 3, 0, 0, 0, 0, 0),
(282, 3, 6702170102, 3, 0, 0, 0, 0, 0),
(283, 3, 6702170016, 3, 0, 0, 0, 0, 0),
(284, 3, 6702174086, 3, 0, 0, 0, 0, 0),
(285, 3, 6702174019, 3, 0, 0, 0, 0, 0),
(286, 3, 6702174022, 3, 0, 0, 0, 0, 0),
(287, 3, 6702174042, 3, 0, 0, 0, 0, 0),
(288, 3, 6702171093, 3, 0, 0, 0, 0, 0),
(289, 3, 6704174098, 3, 0, 0, 0, 0, 0),
(290, 3, 6702170068, 3, 0, 0, 0, 0, 0),
(291, 3, 6702170099, 3, 0, 0, 0, 0, 0),
(292, 4, 6702172007, 1, 0, 0, 0, 0, 0),
(293, 4, 6702172001, 1, 0, 0, 0, 0, 0),
(294, 4, 6702170053, 1, 0, 0, 0, 0, 0),
(295, 4, 6702170066, 1, 0, 0, 0, 0, 0),
(296, 4, 6702170060, 1, 0, 0, 0, 0, 0),
(297, 4, 6702174050, 1, 0, 0, 0, 0, 0),
(298, 4, 6702174081, 1, 0, 0, 0, 0, 0),
(299, 4, 6702174017, 1, 0, 0, 0, 0, 0),
(300, 4, 6702174100, 1, 0, 0, 0, 0, 0),
(301, 4, 6702170020, 1, 0, 0, 0, 0, 0),
(302, 4, 6702170088, 1, 0, 0, 0, 0, 0),
(303, 4, 6702170075, 1, 0, 0, 0, 0, 0),
(304, 4, 6702174014, 1, 0, 0, 0, 0, 0),
(305, 4, 6702174026, 1, 0, 0, 0, 0, 0),
(306, 4, 6702174023, 1, 0, 0, 0, 0, 0),
(307, 4, 6702174032, 1, 0, 0, 0, 0, 0),
(308, 4, 6702170029, 1, 0, 0, 0, 0, 0),
(309, 4, 6702170109, 1, 0, 0, 0, 0, 0),
(310, 4, 6702170010, 1, 0, 0, 0, 0, 0),
(311, 4, 6702174094, 1, 0, 0, 0, 0, 0),
(312, 4, 6702174072, 1, 0, 0, 0, 0, 0),
(313, 4, 6702174013, 1, 0, 0, 0, 0, 0),
(314, 4, 6702174036, 1, 0, 0, 0, 0, 0),
(315, 4, 6702174078, 1, 0, 0, 0, 0, 0),
(316, 4, 6702170106, 1, 0, 0, 0, 0, 0),
(317, 4, 6702174089, 1, 0, 0, 0, 0, 0),
(318, 4, 6702170084, 1, 0, 0, 0, 0, 0),
(319, 4, 6702171040, 1, 0, 0, 0, 0, 0),
(320, 4, 6702170057, 1, 0, 0, 0, 0, 0),
(321, 4, 6702171069, 1, 0, 0, 0, 0, 0),
(322, 4, 6702174095, 1, 0, 0, 0, 0, 0),
(323, 4, 6702170045, 1, 0, 0, 0, 0, 0),
(324, 4, 6702174043, 1, 0, 0, 0, 0, 0),
(325, 4, 6702174103, 1, 0, 0, 0, 0, 0),
(326, 4, 6702170070, 2, 0, 0, 0, 0, 0),
(327, 4, 6702160014, 2, 0, 0, 0, 0, 0),
(328, 4, 6702170076, 2, 0, 0, 0, 0, 0),
(329, 4, 6702174011, 2, 0, 0, 0, 0, 0),
(330, 4, 6702174110, 2, 0, 0, 0, 0, 0),
(331, 4, 6702170018, 2, 0, 0, 0, 0, 0),
(332, 4, 6702173021, 2, 0, 0, 0, 0, 0),
(333, 4, 6702174104, 2, 0, 0, 0, 0, 0),
(334, 4, 6702170034, 2, 0, 0, 0, 0, 0),
(335, 4, 6702174015, 2, 0, 0, 0, 0, 0),
(336, 4, 6702170091, 2, 0, 0, 0, 0, 0),
(337, 4, 6702170064, 2, 0, 0, 0, 0, 0),
(338, 4, 6702174107, 2, 0, 0, 0, 0, 0),
(339, 4, 6702174024, 2, 0, 0, 0, 0, 0),
(340, 4, 6702174002, 2, 0, 0, 0, 0, 0),
(341, 4, 6702174101, 2, 0, 0, 0, 0, 0),
(342, 4, 6702174027, 2, 0, 0, 0, 0, 0),
(343, 4, 6702174038, 2, 0, 0, 0, 0, 0),
(344, 4, 6702174061, 2, 0, 0, 0, 0, 0),
(345, 4, 6702174054, 2, 0, 0, 0, 0, 0),
(346, 4, 6702171056, 2, 0, 0, 0, 0, 0),
(347, 4, 6702174005, 2, 0, 0, 0, 0, 0),
(348, 4, 6702170033, 2, 0, 0, 0, 0, 0),
(349, 4, 6702174044, 2, 0, 0, 0, 0, 0),
(350, 4, 6702174082, 2, 0, 0, 0, 0, 0),
(351, 4, 6702170058, 2, 0, 0, 0, 0, 0),
(352, 4, 6702170073, 2, 0, 0, 0, 0, 0),
(353, 4, 6702174051, 2, 0, 0, 0, 0, 0),
(354, 4, 6702174090, 2, 0, 0, 0, 0, 0),
(355, 4, 6702160108, 2, 0, 0, 0, 0, 0),
(356, 4, 6702172052, 3, 0, 0, 0, 0, 0),
(357, 4, 6702164111, 3, 0, 0, 0, 0, 0),
(358, 4, 6702170031, 3, 0, 0, 0, 0, 0),
(359, 4, 6702170049, 3, 0, 0, 0, 0, 0),
(360, 4, 6702171080, 3, 0, 0, 0, 0, 0),
(361, 4, 6702174105, 3, 0, 0, 0, 0, 0),
(362, 4, 6702174025, 3, 0, 0, 0, 0, 0),
(363, 4, 6702174083, 3, 0, 0, 0, 0, 0),
(364, 4, 6702170114, 3, 0, 0, 0, 0, 0),
(365, 4, 6702170059, 3, 0, 0, 0, 0, 0),
(366, 4, 6702170006, 3, 0, 0, 0, 0, 0),
(367, 4, 6702174108, 3, 0, 0, 0, 0, 0),
(368, 4, 6702170087, 3, 0, 0, 0, 0, 0),
(369, 4, 6702174003, 3, 0, 0, 0, 0, 0),
(370, 4, 6702174046, 3, 0, 0, 0, 0, 0),
(371, 4, 6702174009, 3, 0, 0, 0, 0, 0),
(372, 4, 6702174092, 3, 0, 0, 0, 0, 0),
(373, 4, 6702174074, 3, 0, 0, 0, 0, 0),
(374, 4, 6702174037, 3, 0, 0, 0, 0, 0),
(375, 4, 6702170077, 3, 10, 10, 60, 10, 90),
(376, 4, 6702170039, 3, 0, 0, 0, 0, 0),
(377, 4, 6702170055, 3, 0, 0, 0, 0, 0),
(378, 4, 6702170071, 3, 0, 0, 0, 0, 0),
(379, 4, 6702170102, 3, 0, 0, 0, 0, 0),
(380, 4, 6702170016, 3, 0, 0, 0, 0, 0),
(381, 4, 6702174086, 3, 0, 0, 0, 0, 0),
(382, 4, 6702174019, 3, 0, 0, 0, 0, 0),
(383, 4, 6702174022, 3, 0, 0, 0, 0, 0),
(384, 4, 6702174042, 3, 0, 0, 0, 0, 0),
(385, 4, 6702171093, 3, 0, 0, 0, 0, 0),
(386, 4, 6704174098, 3, 0, 0, 0, 0, 0),
(387, 4, 6702170068, 3, 0, 0, 0, 0, 0),
(388, 4, 6702170099, 3, 0, 0, 0, 0, 0),
(389, 5, 6702172007, 1, 0, 0, 0, 0, 0),
(390, 5, 6702172001, 1, 0, 0, 0, 0, 0),
(391, 5, 6702170053, 1, 0, 0, 0, 0, 0),
(392, 5, 6702170066, 1, 0, 0, 0, 0, 0),
(393, 5, 6702170060, 1, 0, 0, 0, 0, 0),
(394, 5, 6702174050, 1, 0, 0, 0, 0, 0),
(395, 5, 6702174081, 1, 0, 0, 0, 0, 0),
(396, 5, 6702174017, 1, 0, 0, 0, 0, 0),
(397, 5, 6702174100, 1, 0, 0, 0, 0, 0),
(398, 5, 6702170020, 1, 0, 0, 0, 0, 0),
(399, 5, 6702170088, 1, 0, 0, 0, 0, 0),
(400, 5, 6702170075, 1, 0, 0, 0, 0, 0),
(401, 5, 6702174014, 1, 0, 0, 0, 0, 0),
(402, 5, 6702174026, 1, 0, 0, 0, 0, 0),
(403, 5, 6702174023, 1, 0, 0, 0, 0, 0),
(404, 5, 6702174032, 1, 0, 0, 0, 0, 0),
(405, 5, 6702170029, 1, 0, 0, 0, 0, 0),
(406, 5, 6702170109, 1, 0, 0, 0, 0, 0),
(407, 5, 6702170010, 1, 0, 0, 0, 0, 0),
(408, 5, 6702174094, 1, 0, 0, 0, 0, 0),
(409, 5, 6702174072, 1, 0, 0, 0, 0, 0),
(410, 5, 6702174013, 1, 0, 0, 0, 0, 0),
(411, 5, 6702174036, 1, 0, 0, 0, 0, 0),
(412, 5, 6702174078, 1, 0, 0, 0, 0, 0),
(413, 5, 6702170106, 1, 0, 0, 0, 0, 0),
(414, 5, 6702174089, 1, 0, 0, 0, 0, 0),
(415, 5, 6702170084, 1, 0, 0, 0, 0, 0),
(416, 5, 6702171040, 1, 0, 0, 0, 0, 0),
(417, 5, 6702170057, 1, 0, 0, 0, 0, 0),
(418, 5, 6702171069, 1, 0, 0, 0, 0, 0),
(419, 5, 6702174095, 1, 0, 0, 0, 0, 0),
(420, 5, 6702170045, 1, 0, 0, 0, 0, 0),
(421, 5, 6702174043, 1, 0, 0, 0, 0, 0),
(422, 5, 6702174103, 1, 0, 0, 0, 0, 0),
(423, 5, 6702170070, 2, 0, 0, 0, 0, 0),
(424, 5, 6702160014, 2, 0, 0, 0, 0, 0),
(425, 5, 6702170076, 2, 0, 0, 0, 0, 0),
(426, 5, 6702174011, 2, 0, 0, 0, 0, 0),
(427, 5, 6702174110, 2, 0, 0, 0, 0, 0),
(428, 5, 6702170018, 2, 0, 0, 0, 0, 0),
(429, 5, 6702173021, 2, 0, 0, 0, 0, 0),
(430, 5, 6702174104, 2, 0, 0, 0, 0, 0),
(431, 5, 6702170034, 2, 0, 0, 0, 0, 0),
(432, 5, 6702174015, 2, 0, 0, 0, 0, 0),
(433, 5, 6702170091, 2, 0, 0, 0, 0, 0),
(434, 5, 6702170064, 2, 0, 0, 0, 0, 0),
(435, 5, 6702174107, 2, 0, 0, 0, 0, 0),
(436, 5, 6702174024, 2, 0, 0, 0, 0, 0),
(437, 5, 6702174002, 2, 0, 0, 0, 0, 0),
(438, 5, 6702174101, 2, 0, 0, 0, 0, 0),
(439, 5, 6702174027, 2, 0, 0, 0, 0, 0),
(440, 5, 6702174038, 2, 0, 0, 0, 0, 0),
(441, 5, 6702174061, 2, 0, 0, 0, 0, 0),
(442, 5, 6702174054, 2, 0, 0, 0, 0, 0),
(443, 5, 6702171056, 2, 0, 0, 0, 0, 0),
(444, 5, 6702174005, 2, 0, 0, 0, 0, 0),
(445, 5, 6702170033, 2, 0, 0, 0, 0, 0),
(446, 5, 6702174044, 2, 0, 0, 0, 0, 0),
(447, 5, 6702174082, 2, 0, 0, 0, 0, 0),
(448, 5, 6702170058, 2, 0, 0, 0, 0, 0),
(449, 5, 6702170073, 2, 0, 0, 0, 0, 0),
(450, 5, 6702174051, 2, 0, 0, 0, 0, 0),
(451, 5, 6702174090, 2, 0, 0, 0, 0, 0),
(452, 5, 6702160108, 2, 0, 0, 0, 0, 0),
(453, 5, 6702172052, 3, 0, 0, 0, 0, 0),
(454, 5, 6702164111, 3, 0, 0, 0, 0, 0),
(455, 5, 6702170031, 3, 0, 0, 0, 0, 0),
(456, 5, 6702170049, 3, 0, 0, 0, 0, 0),
(457, 5, 6702171080, 3, 0, 0, 0, 0, 0),
(458, 5, 6702174105, 3, 0, 0, 0, 0, 0),
(459, 5, 6702174025, 3, 0, 0, 0, 0, 0),
(460, 5, 6702174083, 3, 0, 0, 0, 0, 0),
(461, 5, 6702170114, 3, 0, 0, 0, 0, 0),
(462, 5, 6702170059, 3, 0, 0, 0, 0, 0),
(463, 5, 6702170006, 3, 0, 0, 0, 0, 0),
(464, 5, 6702174108, 3, 0, 0, 0, 0, 0),
(465, 5, 6702170087, 3, 0, 0, 0, 0, 0),
(466, 5, 6702174003, 3, 0, 0, 0, 0, 0),
(467, 5, 6702174046, 3, 0, 0, 0, 0, 0),
(468, 5, 6702174009, 3, 0, 0, 0, 0, 0),
(469, 5, 6702174092, 3, 0, 0, 0, 0, 0),
(470, 5, 6702174074, 3, 0, 0, 0, 0, 0),
(471, 5, 6702174037, 3, 0, 0, 0, 0, 0),
(472, 5, 6702170077, 3, 13, 10, 60, 10, 93),
(473, 5, 6702170039, 3, 0, 0, 0, 0, 0),
(474, 5, 6702170055, 3, 0, 0, 0, 0, 0),
(475, 5, 6702170071, 3, 0, 0, 0, 0, 0),
(476, 5, 6702170102, 3, 0, 0, 0, 0, 0),
(477, 5, 6702170016, 3, 0, 0, 0, 0, 0),
(478, 5, 6702174086, 3, 0, 0, 0, 0, 0),
(479, 5, 6702174019, 3, 0, 0, 0, 0, 0),
(480, 5, 6702174022, 3, 0, 0, 0, 0, 0),
(481, 5, 6702174042, 3, 0, 0, 0, 0, 0),
(482, 5, 6702171093, 3, 0, 0, 0, 0, 0),
(483, 5, 6704174098, 3, 0, 0, 0, 0, 0),
(484, 5, 6702170068, 3, 0, 0, 0, 0, 0),
(485, 5, 6702170099, 3, 0, 0, 0, 0, 0),
(486, 6, 6702172007, 1, 0, 0, 0, 0, 0),
(487, 6, 6702172001, 1, 0, 0, 0, 0, 0),
(488, 6, 6702170053, 1, 0, 0, 0, 0, 0),
(489, 6, 6702170066, 1, 0, 0, 0, 0, 0),
(490, 6, 6702170060, 1, 0, 0, 0, 0, 0),
(491, 6, 6702174050, 1, 0, 0, 0, 0, 0),
(492, 6, 6702174081, 1, 0, 0, 0, 0, 0),
(493, 6, 6702174017, 1, 0, 0, 0, 0, 0),
(494, 6, 6702174100, 1, 0, 0, 0, 0, 0),
(495, 6, 6702170020, 1, 0, 0, 0, 0, 0),
(496, 6, 6702170088, 1, 0, 0, 0, 0, 0),
(497, 6, 6702170075, 1, 0, 0, 0, 0, 0),
(498, 6, 6702174014, 1, 0, 0, 0, 0, 0),
(499, 6, 6702174026, 1, 0, 0, 0, 0, 0),
(500, 6, 6702174023, 1, 0, 0, 0, 0, 0),
(501, 6, 6702174032, 1, 0, 0, 0, 0, 0),
(502, 6, 6702170029, 1, 0, 0, 0, 0, 0),
(503, 6, 6702170109, 1, 0, 0, 0, 0, 0),
(504, 6, 6702170010, 1, 0, 0, 0, 0, 0),
(505, 6, 6702174094, 1, 0, 0, 0, 0, 0),
(506, 6, 6702174072, 1, 0, 0, 0, 0, 0),
(507, 6, 6702174013, 1, 0, 0, 0, 0, 0),
(508, 6, 6702174036, 1, 0, 0, 0, 0, 0),
(509, 6, 6702174078, 1, 0, 0, 0, 0, 0),
(510, 6, 6702170106, 1, 0, 0, 0, 0, 0),
(511, 6, 6702174089, 1, 0, 0, 0, 0, 0),
(512, 6, 6702170084, 1, 0, 0, 0, 0, 0),
(513, 6, 6702171040, 1, 0, 0, 0, 0, 0),
(514, 6, 6702170057, 1, 0, 0, 0, 0, 0),
(515, 6, 6702171069, 1, 0, 0, 0, 0, 0),
(516, 6, 6702174095, 1, 0, 0, 0, 0, 0),
(517, 6, 6702170045, 1, 0, 0, 0, 0, 0),
(518, 6, 6702174043, 1, 0, 0, 0, 0, 0),
(519, 6, 6702174103, 1, 0, 0, 0, 0, 0),
(520, 6, 6702170070, 2, 0, 0, 0, 0, 0),
(521, 6, 6702160014, 2, 0, 0, 0, 0, 0),
(522, 6, 6702170076, 2, 0, 0, 0, 0, 0),
(523, 6, 6702174011, 2, 0, 0, 0, 0, 0),
(524, 6, 6702174110, 2, 0, 0, 0, 0, 0),
(525, 6, 6702170018, 2, 0, 0, 0, 0, 0),
(526, 6, 6702173021, 2, 0, 0, 0, 0, 0),
(527, 6, 6702174104, 2, 0, 0, 0, 0, 0),
(528, 6, 6702170034, 2, 0, 0, 0, 0, 0),
(529, 6, 6702174015, 2, 0, 0, 0, 0, 0),
(530, 6, 6702170091, 2, 0, 0, 0, 0, 0),
(531, 6, 6702170064, 2, 0, 0, 0, 0, 0),
(532, 6, 6702174107, 2, 0, 0, 0, 0, 0),
(533, 6, 6702174024, 2, 0, 0, 0, 0, 0),
(534, 6, 6702174002, 2, 0, 0, 0, 0, 0),
(535, 6, 6702174101, 2, 0, 0, 0, 0, 0),
(536, 6, 6702174027, 2, 0, 0, 0, 0, 0),
(537, 6, 6702174038, 2, 0, 0, 0, 0, 0),
(538, 6, 6702174061, 2, 0, 0, 0, 0, 0),
(539, 6, 6702174054, 2, 0, 0, 0, 0, 0),
(540, 6, 6702171056, 2, 0, 0, 0, 0, 0),
(541, 6, 6702174005, 2, 0, 0, 0, 0, 0),
(542, 6, 6702170033, 2, 0, 0, 0, 0, 0),
(543, 6, 6702174044, 2, 0, 0, 0, 0, 0),
(544, 6, 6702174082, 2, 0, 0, 0, 0, 0),
(545, 6, 6702170058, 2, 0, 0, 0, 0, 0),
(546, 6, 6702170073, 2, 0, 0, 0, 0, 0),
(547, 6, 6702174051, 2, 0, 0, 0, 0, 0),
(548, 6, 6702174090, 2, 0, 0, 0, 0, 0),
(549, 6, 6702160108, 2, 0, 0, 0, 0, 0),
(550, 6, 6702172052, 3, 0, 0, 0, 0, 0),
(551, 6, 6702164111, 3, 0, 0, 0, 0, 0),
(552, 6, 6702170031, 3, 0, 0, 0, 0, 0),
(553, 6, 6702170049, 3, 0, 0, 0, 0, 0),
(554, 6, 6702171080, 3, 0, 0, 0, 0, 0),
(555, 6, 6702174105, 3, 0, 0, 0, 0, 0),
(556, 6, 6702174025, 3, 0, 0, 0, 0, 0),
(557, 6, 6702174083, 3, 0, 0, 0, 0, 0),
(558, 6, 6702170114, 3, 0, 0, 0, 0, 0),
(559, 6, 6702170059, 3, 0, 0, 0, 0, 0),
(560, 6, 6702170006, 3, 0, 0, 0, 0, 0),
(561, 6, 6702174108, 3, 0, 0, 0, 0, 0),
(562, 6, 6702170087, 3, 0, 0, 0, 0, 0),
(563, 6, 6702174003, 3, 0, 0, 0, 0, 0),
(564, 6, 6702174046, 3, 0, 0, 0, 0, 0),
(565, 6, 6702174009, 3, 0, 0, 0, 0, 0),
(566, 6, 6702174092, 3, 0, 0, 0, 0, 0),
(567, 6, 6702174074, 3, 0, 0, 0, 0, 0),
(568, 6, 6702174037, 3, 0, 0, 0, 0, 0),
(569, 6, 6702170077, 3, 10, 10, 55, 55, 0),
(570, 6, 6702170039, 3, 0, 0, 0, 0, 0),
(571, 6, 6702170055, 3, 0, 0, 0, 0, 0),
(572, 6, 6702170071, 3, 0, 0, 0, 0, 0),
(573, 6, 6702170102, 3, 0, 0, 0, 0, 0),
(574, 6, 6702170016, 3, 0, 0, 0, 0, 0),
(575, 6, 6702174086, 3, 0, 0, 0, 0, 0),
(576, 6, 6702174019, 3, 0, 0, 0, 0, 0),
(577, 6, 6702174022, 3, 0, 0, 0, 0, 0),
(578, 6, 6702174042, 3, 0, 0, 0, 0, 0),
(579, 6, 6702171093, 3, 0, 0, 0, 0, 0),
(580, 6, 6704174098, 3, 0, 0, 0, 0, 0),
(581, 6, 6702170068, 3, 0, 0, 0, 0, 0),
(582, 6, 6702170099, 3, 0, 0, 0, 0, 0),
(583, 7, 6702172007, 1, 0, 0, 0, 0, 0),
(584, 7, 6702172001, 1, 0, 0, 0, 0, 0),
(585, 7, 6702170053, 1, 0, 0, 0, 0, 0),
(586, 7, 6702170066, 1, 0, 0, 0, 0, 0),
(587, 7, 6702170060, 1, 0, 0, 0, 0, 0),
(588, 7, 6702174050, 1, 0, 0, 0, 0, 0),
(589, 7, 6702174081, 1, 0, 0, 0, 0, 0),
(590, 7, 6702174017, 1, 0, 0, 0, 0, 0),
(591, 7, 6702174100, 1, 0, 0, 0, 0, 0),
(592, 7, 6702170020, 1, 0, 0, 0, 0, 0),
(593, 7, 6702170088, 1, 0, 0, 0, 0, 0),
(594, 7, 6702170075, 1, 0, 0, 0, 0, 0),
(595, 7, 6702174014, 1, 0, 0, 0, 0, 0),
(596, 7, 6702174026, 1, 0, 0, 0, 0, 0),
(597, 7, 6702174023, 1, 0, 0, 0, 0, 0),
(598, 7, 6702174032, 1, 0, 0, 0, 0, 0),
(599, 7, 6702170029, 1, 0, 0, 0, 0, 0),
(600, 7, 6702170109, 1, 0, 0, 0, 0, 0),
(601, 7, 6702170010, 1, 0, 0, 0, 0, 0),
(602, 7, 6702174094, 1, 0, 0, 0, 0, 0),
(603, 7, 6702174072, 1, 0, 0, 0, 0, 0),
(604, 7, 6702174013, 1, 0, 0, 0, 0, 0),
(605, 7, 6702174036, 1, 0, 0, 0, 0, 0),
(606, 7, 6702174078, 1, 0, 0, 0, 0, 0),
(607, 7, 6702170106, 1, 0, 0, 0, 0, 0),
(608, 7, 6702174089, 1, 0, 0, 0, 0, 0),
(609, 7, 6702170084, 1, 0, 0, 0, 0, 0),
(610, 7, 6702171040, 1, 0, 0, 0, 0, 0),
(611, 7, 6702170057, 1, 0, 0, 0, 0, 0),
(612, 7, 6702171069, 1, 0, 0, 0, 0, 0),
(613, 7, 6702174095, 1, 0, 0, 0, 0, 0),
(614, 7, 6702170045, 1, 0, 0, 0, 0, 0),
(615, 7, 6702174043, 1, 0, 0, 0, 0, 0),
(616, 7, 6702174103, 1, 0, 0, 0, 0, 0),
(617, 7, 6702170070, 2, 0, 0, 0, 0, 0),
(618, 7, 6702160014, 2, 0, 0, 0, 0, 0),
(619, 7, 6702170076, 2, 0, 0, 0, 0, 0),
(620, 7, 6702174011, 2, 0, 0, 0, 0, 0),
(621, 7, 6702174110, 2, 0, 0, 0, 0, 0),
(622, 7, 6702170018, 2, 0, 0, 0, 0, 0),
(623, 7, 6702173021, 2, 0, 0, 0, 0, 0),
(624, 7, 6702174104, 2, 0, 0, 0, 0, 0),
(625, 7, 6702170034, 2, 0, 0, 0, 0, 0),
(626, 7, 6702174015, 2, 0, 0, 0, 0, 0),
(627, 7, 6702170091, 2, 0, 0, 0, 0, 0),
(628, 7, 6702170064, 2, 0, 0, 0, 0, 0),
(629, 7, 6702174107, 2, 0, 0, 0, 0, 0),
(630, 7, 6702174024, 2, 0, 0, 0, 0, 0),
(631, 7, 6702174002, 2, 0, 0, 0, 0, 0),
(632, 7, 6702174101, 2, 0, 0, 0, 0, 0),
(633, 7, 6702174027, 2, 0, 0, 0, 0, 0),
(634, 7, 6702174038, 2, 0, 0, 0, 0, 0),
(635, 7, 6702174061, 2, 0, 0, 0, 0, 0),
(636, 7, 6702174054, 2, 0, 0, 0, 0, 0),
(637, 7, 6702171056, 2, 0, 0, 0, 0, 0),
(638, 7, 6702174005, 2, 0, 0, 0, 0, 0),
(639, 7, 6702170033, 2, 0, 0, 0, 0, 0),
(640, 7, 6702174044, 2, 0, 0, 0, 0, 0),
(641, 7, 6702174082, 2, 0, 0, 0, 0, 0),
(642, 7, 6702170058, 2, 0, 0, 0, 0, 0),
(643, 7, 6702170073, 2, 0, 0, 0, 0, 0),
(644, 7, 6702174051, 2, 0, 0, 0, 0, 0),
(645, 7, 6702174090, 2, 0, 0, 0, 0, 0),
(646, 7, 6702160108, 2, 0, 0, 0, 0, 0),
(647, 7, 6702172052, 3, 0, 0, 0, 0, 0),
(648, 7, 6702164111, 3, 0, 0, 0, 0, 0),
(649, 7, 6702170031, 3, 0, 0, 0, 0, 0),
(650, 7, 6702170049, 3, 0, 0, 0, 0, 0),
(651, 7, 6702171080, 3, 0, 0, 0, 0, 0),
(652, 7, 6702174105, 3, 0, 0, 0, 0, 0),
(653, 7, 6702174025, 3, 0, 0, 0, 0, 0),
(654, 7, 6702174083, 3, 0, 0, 0, 0, 0),
(655, 7, 6702170114, 3, 0, 0, 0, 0, 0),
(656, 7, 6702170059, 3, 0, 0, 0, 0, 0),
(657, 7, 6702170006, 3, 0, 0, 0, 0, 0),
(658, 7, 6702174108, 3, 0, 0, 0, 0, 0),
(659, 7, 6702170087, 3, 0, 0, 0, 0, 0),
(660, 7, 6702174003, 3, 0, 0, 0, 0, 0),
(661, 7, 6702174046, 3, 0, 0, 0, 0, 0),
(662, 7, 6702174009, 3, 0, 0, 0, 0, 0),
(663, 7, 6702174092, 3, 0, 0, 0, 0, 0),
(664, 7, 6702174074, 3, 0, 0, 0, 0, 0),
(665, 7, 6702174037, 3, 0, 0, 0, 0, 0),
(666, 7, 6702170077, 3, 0, 0, 0, 0, 0),
(667, 7, 6702170039, 3, 0, 0, 0, 0, 0),
(668, 7, 6702170055, 3, 0, 0, 0, 0, 0),
(669, 7, 6702170071, 3, 0, 0, 0, 0, 0),
(670, 7, 6702170102, 3, 0, 0, 0, 0, 0),
(671, 7, 6702170016, 3, 0, 0, 0, 0, 0),
(672, 7, 6702174086, 3, 0, 0, 0, 0, 0),
(673, 7, 6702174019, 3, 0, 0, 0, 0, 0),
(674, 7, 6702174022, 3, 0, 0, 0, 0, 0),
(675, 7, 6702174042, 3, 0, 0, 0, 0, 0),
(676, 7, 6702171093, 3, 0, 0, 0, 0, 0),
(677, 7, 6704174098, 3, 0, 0, 0, 0, 0),
(678, 7, 6702170068, 3, 0, 0, 0, 0, 0),
(679, 7, 6702170099, 3, 0, 0, 0, 0, 0),
(680, 8, 6702172007, 1, 0, 0, 0, 0, 0),
(681, 8, 6702172001, 1, 0, 0, 0, 0, 0),
(682, 8, 6702170053, 1, 0, 0, 0, 0, 0),
(683, 8, 6702170066, 1, 0, 0, 0, 0, 0),
(684, 8, 6702170060, 1, 0, 0, 0, 0, 0),
(685, 8, 6702174050, 1, 0, 0, 0, 0, 0),
(686, 8, 6702174081, 1, 0, 0, 0, 0, 0),
(687, 8, 6702174017, 1, 0, 0, 0, 0, 0),
(688, 8, 6702174100, 1, 0, 0, 0, 0, 0),
(689, 8, 6702170020, 1, 0, 0, 0, 0, 0),
(690, 8, 6702170088, 1, 0, 0, 0, 0, 0),
(691, 8, 6702170075, 1, 0, 0, 0, 0, 0),
(692, 8, 6702174014, 1, 0, 0, 0, 0, 0),
(693, 8, 6702174026, 1, 0, 0, 0, 0, 0),
(694, 8, 6702174023, 1, 0, 0, 0, 0, 0),
(695, 8, 6702174032, 1, 0, 0, 0, 0, 0),
(696, 8, 6702170029, 1, 0, 0, 0, 0, 0),
(697, 8, 6702170109, 1, 0, 0, 0, 0, 0),
(698, 8, 6702170010, 1, 0, 0, 0, 0, 0),
(699, 8, 6702174094, 1, 0, 0, 0, 0, 0),
(700, 8, 6702174072, 1, 0, 0, 0, 0, 0),
(701, 8, 6702174013, 1, 0, 0, 0, 0, 0),
(702, 8, 6702174036, 1, 0, 0, 0, 0, 0),
(703, 8, 6702174078, 1, 0, 0, 0, 0, 0),
(704, 8, 6702170106, 1, 0, 0, 0, 0, 0),
(705, 8, 6702174089, 1, 0, 0, 0, 0, 0),
(706, 8, 6702170084, 1, 0, 0, 0, 0, 0),
(707, 8, 6702171040, 1, 0, 0, 0, 0, 0),
(708, 8, 6702170057, 1, 0, 0, 0, 0, 0),
(709, 8, 6702171069, 1, 0, 0, 0, 0, 0),
(710, 8, 6702174095, 1, 0, 0, 0, 0, 0),
(711, 8, 6702170045, 1, 0, 0, 0, 0, 0),
(712, 8, 6702174043, 1, 0, 0, 0, 0, 0),
(713, 8, 6702174103, 1, 0, 0, 0, 0, 0),
(714, 8, 6702170070, 2, 0, 0, 0, 0, 0),
(715, 8, 6702160014, 2, 0, 0, 0, 0, 0),
(716, 8, 6702170076, 2, 0, 0, 0, 0, 0),
(717, 8, 6702174011, 2, 0, 0, 0, 0, 0),
(718, 8, 6702174110, 2, 0, 0, 0, 0, 0),
(719, 8, 6702170018, 2, 0, 0, 0, 0, 0),
(720, 8, 6702173021, 2, 0, 0, 0, 0, 0),
(721, 8, 6702174104, 2, 0, 0, 0, 0, 0),
(722, 8, 6702170034, 2, 0, 0, 0, 0, 0),
(723, 8, 6702174015, 2, 0, 0, 0, 0, 0),
(724, 8, 6702170091, 2, 0, 0, 0, 0, 0),
(725, 8, 6702170064, 2, 0, 0, 0, 0, 0),
(726, 8, 6702174107, 2, 0, 0, 0, 0, 0),
(727, 8, 6702174024, 2, 0, 0, 0, 0, 0),
(728, 8, 6702174002, 2, 0, 0, 0, 0, 0),
(729, 8, 6702174101, 2, 0, 0, 0, 0, 0),
(730, 8, 6702174027, 2, 0, 0, 0, 0, 0),
(731, 8, 6702174038, 2, 0, 0, 0, 0, 0),
(732, 8, 6702174061, 2, 0, 0, 0, 0, 0),
(733, 8, 6702174054, 2, 0, 0, 0, 0, 0),
(734, 8, 6702171056, 2, 0, 0, 0, 0, 0),
(735, 8, 6702174005, 2, 0, 0, 0, 0, 0),
(736, 8, 6702170033, 2, 0, 0, 0, 0, 0),
(737, 8, 6702174044, 2, 0, 0, 0, 0, 0),
(738, 8, 6702174082, 2, 0, 0, 0, 0, 0),
(739, 8, 6702170058, 2, 0, 0, 0, 0, 0),
(740, 8, 6702170073, 2, 0, 0, 0, 0, 0),
(741, 8, 6702174051, 2, 0, 0, 0, 0, 0),
(742, 8, 6702174090, 2, 0, 0, 0, 0, 0),
(743, 8, 6702160108, 2, 0, 0, 0, 0, 0),
(744, 8, 6702172052, 3, 0, 0, 0, 0, 0),
(745, 8, 6702164111, 3, 0, 0, 0, 0, 0),
(746, 8, 6702170031, 3, 0, 0, 0, 0, 0),
(747, 8, 6702170049, 3, 0, 0, 0, 0, 0),
(748, 8, 6702171080, 3, 0, 0, 0, 0, 0),
(749, 8, 6702174105, 3, 0, 0, 0, 0, 0),
(750, 8, 6702174025, 3, 0, 0, 0, 0, 0),
(751, 8, 6702174083, 3, 0, 0, 0, 0, 0),
(752, 8, 6702170114, 3, 0, 0, 0, 0, 0),
(753, 8, 6702170059, 3, 0, 0, 0, 0, 0),
(754, 8, 6702170006, 3, 0, 0, 0, 0, 0),
(755, 8, 6702174108, 3, 0, 0, 0, 0, 0),
(756, 8, 6702170087, 3, 0, 0, 0, 0, 0),
(757, 8, 6702174003, 3, 0, 0, 0, 0, 0),
(758, 8, 6702174046, 3, 0, 0, 0, 0, 0),
(759, 8, 6702174009, 3, 0, 0, 0, 0, 0),
(760, 8, 6702174092, 3, 0, 0, 0, 0, 0),
(761, 8, 6702174074, 3, 0, 0, 0, 0, 0),
(762, 8, 6702174037, 3, 0, 0, 0, 0, 0),
(763, 8, 6702170077, 3, 0, 0, 0, 0, 0),
(764, 8, 6702170039, 3, 0, 0, 0, 0, 0),
(765, 8, 6702170055, 3, 0, 0, 0, 0, 0),
(766, 8, 6702170071, 3, 0, 0, 0, 0, 0),
(767, 8, 6702170102, 3, 0, 0, 0, 0, 0),
(768, 8, 6702170016, 3, 0, 0, 0, 0, 0),
(769, 8, 6702174086, 3, 0, 0, 0, 0, 0),
(770, 8, 6702174019, 3, 0, 0, 0, 0, 0),
(771, 8, 6702174022, 3, 0, 0, 0, 0, 0),
(772, 8, 6702174042, 3, 0, 0, 0, 0, 0),
(773, 8, 6702171093, 3, 0, 0, 0, 0, 0),
(774, 8, 6704174098, 3, 0, 0, 0, 0, 0),
(775, 8, 6702170068, 3, 0, 0, 0, 0, 0),
(776, 8, 6702170099, 3, 0, 0, 0, 0, 0),
(777, 9, 6702172007, 1, 0, 0, 0, 0, 0),
(778, 9, 6702172001, 1, 0, 0, 0, 0, 0),
(779, 9, 6702170053, 1, 0, 0, 0, 0, 0),
(780, 9, 6702170066, 1, 0, 0, 0, 0, 0),
(781, 9, 6702170060, 1, 0, 0, 0, 0, 0),
(782, 9, 6702174050, 1, 0, 0, 0, 0, 0),
(783, 9, 6702174081, 1, 0, 0, 0, 0, 0),
(784, 9, 6702174017, 1, 0, 0, 0, 0, 0),
(785, 9, 6702174100, 1, 0, 0, 0, 0, 0),
(786, 9, 6702170020, 1, 0, 0, 0, 0, 0),
(787, 9, 6702170088, 1, 0, 0, 0, 0, 0),
(788, 9, 6702170075, 1, 0, 0, 0, 0, 0),
(789, 9, 6702174014, 1, 0, 0, 0, 0, 0),
(790, 9, 6702174026, 1, 0, 0, 0, 0, 0),
(791, 9, 6702174023, 1, 0, 0, 0, 0, 0),
(792, 9, 6702174032, 1, 0, 0, 0, 0, 0),
(793, 9, 6702170029, 1, 0, 0, 0, 0, 0),
(794, 9, 6702170109, 1, 0, 0, 0, 0, 0),
(795, 9, 6702170010, 1, 0, 0, 0, 0, 0),
(796, 9, 6702174094, 1, 0, 0, 0, 0, 0),
(797, 9, 6702174072, 1, 0, 0, 0, 0, 0),
(798, 9, 6702174013, 1, 0, 0, 0, 0, 0),
(799, 9, 6702174036, 1, 0, 0, 0, 0, 0),
(800, 9, 6702174078, 1, 0, 0, 0, 0, 0),
(801, 9, 6702170106, 1, 0, 0, 0, 0, 0),
(802, 9, 6702174089, 1, 0, 0, 0, 0, 0),
(803, 9, 6702170084, 1, 0, 0, 0, 0, 0),
(804, 9, 6702171040, 1, 0, 0, 0, 0, 0),
(805, 9, 6702170057, 1, 0, 0, 0, 0, 0),
(806, 9, 6702171069, 1, 0, 0, 0, 0, 0),
(807, 9, 6702174095, 1, 0, 0, 0, 0, 0),
(808, 9, 6702170045, 1, 0, 0, 0, 0, 0),
(809, 9, 6702174043, 1, 0, 0, 0, 0, 0),
(810, 9, 6702174103, 1, 0, 0, 0, 0, 0),
(811, 9, 6702170070, 2, 0, 0, 0, 0, 0),
(812, 9, 6702160014, 2, 0, 0, 0, 0, 0),
(813, 9, 6702170076, 2, 0, 0, 0, 0, 0),
(814, 9, 6702174011, 2, 0, 0, 0, 0, 0),
(815, 9, 6702174110, 2, 0, 0, 0, 0, 0),
(816, 9, 6702170018, 2, 0, 0, 0, 0, 0),
(817, 9, 6702173021, 2, 0, 0, 0, 0, 0),
(818, 9, 6702174104, 2, 0, 0, 0, 0, 0),
(819, 9, 6702170034, 2, 0, 0, 0, 0, 0),
(820, 9, 6702174015, 2, 0, 0, 0, 0, 0),
(821, 9, 6702170091, 2, 0, 0, 0, 0, 0),
(822, 9, 6702170064, 2, 0, 0, 0, 0, 0),
(823, 9, 6702174107, 2, 0, 0, 0, 0, 0),
(824, 9, 6702174024, 2, 0, 0, 0, 0, 0),
(825, 9, 6702174002, 2, 0, 0, 0, 0, 0),
(826, 9, 6702174101, 2, 0, 0, 0, 0, 0),
(827, 9, 6702174027, 2, 0, 0, 0, 0, 0),
(828, 9, 6702174038, 2, 0, 0, 0, 0, 0),
(829, 9, 6702174061, 2, 0, 0, 0, 0, 0),
(830, 9, 6702174054, 2, 0, 0, 0, 0, 0),
(831, 9, 6702171056, 2, 0, 0, 0, 0, 0),
(832, 9, 6702174005, 2, 0, 0, 0, 0, 0),
(833, 9, 6702170033, 2, 0, 0, 0, 0, 0),
(834, 9, 6702174044, 2, 0, 0, 0, 0, 0),
(835, 9, 6702174082, 2, 0, 0, 0, 0, 0),
(836, 9, 6702170058, 2, 0, 0, 0, 0, 0),
(837, 9, 6702170073, 2, 0, 0, 0, 0, 0),
(838, 9, 6702174051, 2, 0, 0, 0, 0, 0),
(839, 9, 6702174090, 2, 0, 0, 0, 0, 0),
(840, 9, 6702160108, 2, 0, 0, 0, 0, 0),
(841, 9, 6702172052, 3, 0, 0, 0, 0, 0),
(842, 9, 6702164111, 3, 0, 0, 0, 0, 0),
(843, 9, 6702170031, 3, 0, 0, 0, 0, 0),
(844, 9, 6702170049, 3, 0, 0, 0, 0, 0),
(845, 9, 6702171080, 3, 0, 0, 0, 0, 0),
(846, 9, 6702174105, 3, 0, 0, 0, 0, 0),
(847, 9, 6702174025, 3, 0, 0, 0, 0, 0),
(848, 9, 6702174083, 3, 0, 0, 0, 0, 0),
(849, 9, 6702170114, 3, 0, 0, 0, 0, 0),
(850, 9, 6702170059, 3, 0, 0, 0, 0, 0),
(851, 9, 6702170006, 3, 0, 0, 0, 0, 0),
(852, 9, 6702174108, 3, 0, 0, 0, 0, 0),
(853, 9, 6702170087, 3, 0, 0, 0, 0, 0),
(854, 9, 6702174003, 3, 0, 0, 0, 0, 0),
(855, 9, 6702174046, 3, 0, 0, 0, 0, 0),
(856, 9, 6702174009, 3, 0, 0, 0, 0, 0),
(857, 9, 6702174092, 3, 0, 0, 0, 0, 0),
(858, 9, 6702174074, 3, 0, 0, 0, 0, 0),
(859, 9, 6702174037, 3, 0, 0, 0, 0, 0),
(860, 9, 6702170077, 3, 0, 0, 0, 0, 0),
(861, 9, 6702170039, 3, 0, 0, 0, 0, 0),
(862, 9, 6702170055, 3, 0, 0, 0, 0, 0),
(863, 9, 6702170071, 3, 0, 0, 0, 0, 0),
(864, 9, 6702170102, 3, 0, 0, 0, 0, 0),
(865, 9, 6702170016, 3, 0, 0, 0, 0, 0),
(866, 9, 6702174086, 3, 0, 0, 0, 0, 0),
(867, 9, 6702174019, 3, 0, 0, 0, 0, 0),
(868, 9, 6702174022, 3, 0, 0, 0, 0, 0),
(869, 9, 6702174042, 3, 0, 0, 0, 0, 0),
(870, 9, 6702171093, 3, 0, 0, 0, 0, 0),
(871, 9, 6704174098, 3, 0, 0, 0, 0, 0),
(872, 9, 6702170068, 3, 0, 0, 0, 0, 0),
(873, 9, 6702170099, 3, 0, 0, 0, 0, 0),
(874, 10, 6702172007, 1, 0, 0, 0, 0, 0),
(875, 10, 6702172001, 1, 0, 0, 0, 0, 0),
(876, 10, 6702170053, 1, 0, 0, 0, 0, 0),
(877, 10, 6702170066, 1, 0, 0, 0, 0, 0),
(878, 10, 6702170060, 1, 0, 0, 0, 0, 0),
(879, 10, 6702174050, 1, 0, 0, 0, 0, 0),
(880, 10, 6702174081, 1, 0, 0, 0, 0, 0),
(881, 10, 6702174017, 1, 0, 0, 0, 0, 0),
(882, 10, 6702174100, 1, 0, 0, 0, 0, 0),
(883, 10, 6702170020, 1, 0, 0, 0, 0, 0),
(884, 10, 6702170088, 1, 0, 0, 0, 0, 0),
(885, 10, 6702170075, 1, 0, 0, 0, 0, 0),
(886, 10, 6702174014, 1, 0, 0, 0, 0, 0),
(887, 10, 6702174026, 1, 0, 0, 0, 0, 0),
(888, 10, 6702174023, 1, 0, 0, 0, 0, 0),
(889, 10, 6702174032, 1, 0, 0, 0, 0, 0),
(890, 10, 6702170029, 1, 0, 0, 0, 0, 0),
(891, 10, 6702170109, 1, 0, 0, 0, 0, 0),
(892, 10, 6702170010, 1, 0, 0, 0, 0, 0),
(893, 10, 6702174094, 1, 0, 0, 0, 0, 0),
(894, 10, 6702174072, 1, 0, 0, 0, 0, 0),
(895, 10, 6702174013, 1, 0, 0, 0, 0, 0),
(896, 10, 6702174036, 1, 0, 0, 0, 0, 0),
(897, 10, 6702174078, 1, 0, 0, 0, 0, 0),
(898, 10, 6702170106, 1, 0, 0, 0, 0, 0),
(899, 10, 6702174089, 1, 0, 0, 0, 0, 0),
(900, 10, 6702170084, 1, 0, 0, 0, 0, 0),
(901, 10, 6702171040, 1, 0, 0, 0, 0, 0),
(902, 10, 6702170057, 1, 0, 0, 0, 0, 0),
(903, 10, 6702171069, 1, 0, 0, 0, 0, 0),
(904, 10, 6702174095, 1, 0, 0, 0, 0, 0),
(905, 10, 6702170045, 1, 0, 0, 0, 0, 0),
(906, 10, 6702174043, 1, 0, 0, 0, 0, 0),
(907, 10, 6702174103, 1, 0, 0, 0, 0, 0),
(908, 10, 6702170070, 2, 0, 0, 0, 0, 0),
(909, 10, 6702160014, 2, 0, 0, 0, 0, 0),
(910, 10, 6702170076, 2, 0, 0, 0, 0, 0),
(911, 10, 6702174011, 2, 0, 0, 0, 0, 0),
(912, 10, 6702174110, 2, 0, 0, 0, 0, 0),
(913, 10, 6702170018, 2, 0, 0, 0, 0, 0),
(914, 10, 6702173021, 2, 0, 0, 0, 0, 0),
(915, 10, 6702174104, 2, 0, 0, 0, 0, 0),
(916, 10, 6702170034, 2, 0, 0, 0, 0, 0),
(917, 10, 6702174015, 2, 0, 0, 0, 0, 0),
(918, 10, 6702170091, 2, 0, 0, 0, 0, 0),
(919, 10, 6702170064, 2, 0, 0, 0, 0, 0),
(920, 10, 6702174107, 2, 0, 0, 0, 0, 0),
(921, 10, 6702174024, 2, 0, 0, 0, 0, 0),
(922, 10, 6702174002, 2, 0, 0, 0, 0, 0),
(923, 10, 6702174101, 2, 0, 0, 0, 0, 0),
(924, 10, 6702174027, 2, 0, 0, 0, 0, 0),
(925, 10, 6702174038, 2, 0, 0, 0, 0, 0),
(926, 10, 6702174061, 2, 0, 0, 0, 0, 0),
(927, 10, 6702174054, 2, 0, 0, 0, 0, 0),
(928, 10, 6702171056, 2, 0, 0, 0, 0, 0),
(929, 10, 6702174005, 2, 0, 0, 0, 0, 0),
(930, 10, 6702170033, 2, 0, 0, 0, 0, 0),
(931, 10, 6702174044, 2, 0, 0, 0, 0, 0),
(932, 10, 6702174082, 2, 0, 0, 0, 0, 0),
(933, 10, 6702170058, 2, 0, 0, 0, 0, 0),
(934, 10, 6702170073, 2, 0, 0, 0, 0, 0),
(935, 10, 6702174051, 2, 0, 0, 0, 0, 0),
(936, 10, 6702174090, 2, 0, 0, 0, 0, 0),
(937, 10, 6702160108, 2, 0, 0, 0, 0, 0),
(938, 10, 6702172052, 3, 0, 0, 0, 0, 0),
(939, 10, 6702164111, 3, 0, 0, 0, 0, 0),
(940, 10, 6702170031, 3, 0, 0, 0, 0, 0),
(941, 10, 6702170049, 3, 0, 0, 0, 0, 0),
(942, 10, 6702171080, 3, 0, 0, 0, 0, 0),
(943, 10, 6702174105, 3, 0, 0, 0, 0, 0),
(944, 10, 6702174025, 3, 0, 0, 0, 0, 0),
(945, 10, 6702174083, 3, 0, 0, 0, 0, 0),
(946, 10, 6702170114, 3, 0, 0, 0, 0, 0),
(947, 10, 6702170059, 3, 0, 0, 0, 0, 0),
(948, 10, 6702170006, 3, 0, 0, 0, 0, 0),
(949, 10, 6702174108, 3, 0, 0, 0, 0, 0),
(950, 10, 6702170087, 3, 0, 0, 0, 0, 0),
(951, 10, 6702174003, 3, 0, 0, 0, 0, 0),
(952, 10, 6702174046, 3, 0, 0, 0, 0, 0),
(953, 10, 6702174009, 3, 0, 0, 0, 0, 0),
(954, 10, 6702174092, 3, 0, 0, 0, 0, 0),
(955, 10, 6702174074, 3, 0, 0, 0, 0, 0),
(956, 10, 6702174037, 3, 0, 0, 0, 0, 0),
(957, 10, 6702170077, 3, 0, 0, 0, 0, 0),
(958, 10, 6702170039, 3, 0, 0, 0, 0, 0),
(959, 10, 6702170055, 3, 0, 0, 0, 0, 0),
(960, 10, 6702170071, 3, 0, 0, 0, 0, 0),
(961, 10, 6702170102, 3, 0, 0, 0, 0, 0),
(962, 10, 6702170016, 3, 0, 0, 0, 0, 0),
(963, 10, 6702174086, 3, 0, 0, 0, 0, 0),
(964, 10, 6702174019, 3, 0, 0, 0, 0, 0),
(965, 10, 6702174022, 3, 0, 0, 0, 0, 0),
(966, 10, 6702174042, 3, 0, 0, 0, 0, 0),
(967, 10, 6702171093, 3, 0, 0, 0, 0, 0),
(968, 10, 6704174098, 3, 0, 0, 0, 0, 0),
(969, 10, 6702170068, 3, 0, 0, 0, 0, 0),
(970, 10, 6702170099, 3, 0, 0, 0, 0, 0),
(971, 11, 6702172007, 1, 0, 0, 0, 0, 0),
(972, 11, 6702172001, 1, 0, 0, 0, 0, 0),
(973, 11, 6702170053, 1, 0, 0, 0, 0, 0),
(974, 11, 6702170066, 1, 0, 0, 0, 0, 0),
(975, 11, 6702170060, 1, 0, 0, 0, 0, 0),
(976, 11, 6702174050, 1, 0, 0, 0, 0, 0),
(977, 11, 6702174081, 1, 0, 0, 0, 0, 0),
(978, 11, 6702174017, 1, 0, 0, 0, 0, 0),
(979, 11, 6702174100, 1, 0, 0, 0, 0, 0),
(980, 11, 6702170020, 1, 0, 0, 0, 0, 0),
(981, 11, 6702170088, 1, 0, 0, 0, 0, 0),
(982, 11, 6702170075, 1, 0, 0, 0, 0, 0),
(983, 11, 6702174014, 1, 0, 0, 0, 0, 0),
(984, 11, 6702174026, 1, 0, 0, 0, 0, 0),
(985, 11, 6702174023, 1, 0, 0, 0, 0, 0),
(986, 11, 6702174032, 1, 0, 0, 0, 0, 0),
(987, 11, 6702170029, 1, 0, 0, 0, 0, 0),
(988, 11, 6702170109, 1, 0, 0, 0, 0, 0),
(989, 11, 6702170010, 1, 0, 0, 0, 0, 0),
(990, 11, 6702174094, 1, 0, 0, 0, 0, 0),
(991, 11, 6702174072, 1, 0, 0, 0, 0, 0),
(992, 11, 6702174013, 1, 0, 0, 0, 0, 0),
(993, 11, 6702174036, 1, 0, 0, 0, 0, 0),
(994, 11, 6702174078, 1, 0, 0, 0, 0, 0),
(995, 11, 6702170106, 1, 0, 0, 0, 0, 0),
(996, 11, 6702174089, 1, 0, 0, 0, 0, 0),
(997, 11, 6702170084, 1, 0, 0, 0, 0, 0),
(998, 11, 6702171040, 1, 0, 0, 0, 0, 0),
(999, 11, 6702170057, 1, 0, 0, 0, 0, 0),
(1000, 11, 6702171069, 1, 0, 0, 0, 0, 0),
(1001, 11, 6702174095, 1, 0, 0, 0, 0, 0),
(1002, 11, 6702170045, 1, 0, 0, 0, 0, 0),
(1003, 11, 6702174043, 1, 0, 0, 0, 0, 0),
(1004, 11, 6702174103, 1, 0, 0, 0, 0, 0),
(1005, 11, 6702170070, 2, 0, 0, 0, 0, 0),
(1006, 11, 6702160014, 2, 0, 0, 0, 0, 0),
(1007, 11, 6702170076, 2, 0, 0, 0, 0, 0),
(1008, 11, 6702174011, 2, 0, 0, 0, 0, 0),
(1009, 11, 6702174110, 2, 0, 0, 0, 0, 0),
(1010, 11, 6702170018, 2, 0, 0, 0, 0, 0),
(1011, 11, 6702173021, 2, 0, 0, 0, 0, 0),
(1012, 11, 6702174104, 2, 0, 0, 0, 0, 0),
(1013, 11, 6702170034, 2, 0, 0, 0, 0, 0),
(1014, 11, 6702174015, 2, 0, 0, 0, 0, 0),
(1015, 11, 6702170091, 2, 0, 0, 0, 0, 0),
(1016, 11, 6702170064, 2, 0, 0, 0, 0, 0),
(1017, 11, 6702174107, 2, 0, 0, 0, 0, 0),
(1018, 11, 6702174024, 2, 0, 0, 0, 0, 0),
(1019, 11, 6702174002, 2, 0, 0, 0, 0, 0),
(1020, 11, 6702174101, 2, 0, 0, 0, 0, 0),
(1021, 11, 6702174027, 2, 0, 0, 0, 0, 0),
(1022, 11, 6702174038, 2, 0, 0, 0, 0, 0),
(1023, 11, 6702174061, 2, 0, 0, 0, 0, 0),
(1024, 11, 6702174054, 2, 0, 0, 0, 0, 0),
(1025, 11, 6702171056, 2, 0, 0, 0, 0, 0),
(1026, 11, 6702174005, 2, 0, 0, 0, 0, 0),
(1027, 11, 6702170033, 2, 0, 0, 0, 0, 0),
(1028, 11, 6702174044, 2, 0, 0, 0, 0, 0),
(1029, 11, 6702174082, 2, 0, 0, 0, 0, 0),
(1030, 11, 6702170058, 2, 0, 0, 0, 0, 0),
(1031, 11, 6702170073, 2, 0, 0, 0, 0, 0),
(1032, 11, 6702174051, 2, 0, 0, 0, 0, 0),
(1033, 11, 6702174090, 2, 0, 0, 0, 0, 0),
(1034, 11, 6702160108, 2, 0, 0, 0, 0, 0),
(1035, 11, 6702172052, 3, 0, 0, 0, 0, 0),
(1036, 11, 6702164111, 3, 0, 0, 0, 0, 0),
(1037, 11, 6702170031, 3, 0, 0, 0, 0, 0),
(1038, 11, 6702170049, 3, 0, 0, 0, 0, 0),
(1039, 11, 6702171080, 3, 0, 0, 0, 0, 0),
(1040, 11, 6702174105, 3, 0, 0, 0, 0, 0),
(1041, 11, 6702174025, 3, 0, 0, 0, 0, 0),
(1042, 11, 6702174083, 3, 0, 0, 0, 0, 0),
(1043, 11, 6702170114, 3, 0, 0, 0, 0, 0),
(1044, 11, 6702170059, 3, 0, 0, 0, 0, 0),
(1045, 11, 6702170006, 3, 0, 0, 0, 0, 0),
(1046, 11, 6702174108, 3, 0, 0, 0, 0, 0),
(1047, 11, 6702170087, 3, 0, 0, 0, 0, 0),
(1048, 11, 6702174003, 3, 0, 0, 0, 0, 0),
(1049, 11, 6702174046, 3, 0, 0, 0, 0, 0),
(1050, 11, 6702174009, 3, 0, 0, 0, 0, 0),
(1051, 11, 6702174092, 3, 0, 0, 0, 0, 0),
(1052, 11, 6702174074, 3, 0, 0, 0, 0, 0),
(1053, 11, 6702174037, 3, 0, 0, 0, 0, 0),
(1054, 11, 6702170077, 3, 0, 0, 0, 0, 0),
(1055, 11, 6702170039, 3, 0, 0, 0, 0, 0),
(1056, 11, 6702170055, 3, 0, 0, 0, 0, 0),
(1057, 11, 6702170071, 3, 0, 0, 0, 0, 0),
(1058, 11, 6702170102, 3, 0, 0, 0, 0, 0),
(1059, 11, 6702170016, 3, 0, 0, 0, 0, 0),
(1060, 11, 6702174086, 3, 0, 0, 0, 0, 0),
(1061, 11, 6702174019, 3, 0, 0, 0, 0, 0),
(1062, 11, 6702174022, 3, 0, 0, 0, 0, 0),
(1063, 11, 6702174042, 3, 0, 0, 0, 0, 0),
(1064, 11, 6702171093, 3, 0, 0, 0, 0, 0),
(1065, 11, 6704174098, 3, 0, 0, 0, 0, 0),
(1066, 11, 6702170068, 3, 0, 0, 0, 0, 0),
(1067, 11, 6702170099, 3, 0, 0, 0, 0, 0),
(1068, 12, 6702172007, 1, 0, 0, 0, 0, 0),
(1069, 12, 6702172001, 1, 0, 0, 0, 0, 0),
(1070, 12, 6702170053, 1, 0, 0, 0, 0, 0),
(1071, 12, 6702170066, 1, 0, 0, 0, 0, 0),
(1072, 12, 6702170060, 1, 0, 0, 0, 0, 0),
(1073, 12, 6702174050, 1, 0, 0, 0, 0, 0),
(1074, 12, 6702174081, 1, 0, 0, 0, 0, 0),
(1075, 12, 6702174017, 1, 0, 0, 0, 0, 0),
(1076, 12, 6702174100, 1, 0, 0, 0, 0, 0),
(1077, 12, 6702170020, 1, 0, 0, 0, 0, 0),
(1078, 12, 6702170088, 1, 0, 0, 0, 0, 0),
(1079, 12, 6702170075, 1, 0, 0, 0, 0, 0),
(1080, 12, 6702174014, 1, 0, 0, 0, 0, 0),
(1081, 12, 6702174026, 1, 0, 0, 0, 0, 0),
(1082, 12, 6702174023, 1, 0, 0, 0, 0, 0),
(1083, 12, 6702174032, 1, 0, 0, 0, 0, 0),
(1084, 12, 6702170029, 1, 0, 0, 0, 0, 0),
(1085, 12, 6702170109, 1, 0, 0, 0, 0, 0),
(1086, 12, 6702170010, 1, 0, 0, 0, 0, 0),
(1087, 12, 6702174094, 1, 0, 0, 0, 0, 0),
(1088, 12, 6702174072, 1, 0, 0, 0, 0, 0),
(1089, 12, 6702174013, 1, 0, 0, 0, 0, 0),
(1090, 12, 6702174036, 1, 0, 0, 0, 0, 0),
(1091, 12, 6702174078, 1, 0, 0, 0, 0, 0),
(1092, 12, 6702170106, 1, 0, 0, 0, 0, 0),
(1093, 12, 6702174089, 1, 0, 0, 0, 0, 0),
(1094, 12, 6702170084, 1, 0, 0, 0, 0, 0),
(1095, 12, 6702171040, 1, 0, 0, 0, 0, 0),
(1096, 12, 6702170057, 1, 0, 0, 0, 0, 0),
(1097, 12, 6702171069, 1, 0, 0, 0, 0, 0),
(1098, 12, 6702174095, 1, 0, 0, 0, 0, 0),
(1099, 12, 6702170045, 1, 0, 0, 0, 0, 0),
(1100, 12, 6702174043, 1, 0, 0, 0, 0, 0),
(1101, 12, 6702174103, 1, 0, 0, 0, 0, 0),
(1102, 12, 6702170070, 2, 0, 0, 0, 0, 0),
(1103, 12, 6702160014, 2, 0, 0, 0, 0, 0),
(1104, 12, 6702170076, 2, 0, 0, 0, 0, 0),
(1105, 12, 6702174011, 2, 0, 0, 0, 0, 0),
(1106, 12, 6702174110, 2, 0, 0, 0, 0, 0),
(1107, 12, 6702170018, 2, 0, 0, 0, 0, 0),
(1108, 12, 6702173021, 2, 0, 0, 0, 0, 0),
(1109, 12, 6702174104, 2, 0, 0, 0, 0, 0),
(1110, 12, 6702170034, 2, 0, 0, 0, 0, 0),
(1111, 12, 6702174015, 2, 0, 0, 0, 0, 0),
(1112, 12, 6702170091, 2, 0, 0, 0, 0, 0),
(1113, 12, 6702170064, 2, 0, 0, 0, 0, 0),
(1114, 12, 6702174107, 2, 0, 0, 0, 0, 0),
(1115, 12, 6702174024, 2, 0, 0, 0, 0, 0),
(1116, 12, 6702174002, 2, 0, 0, 0, 0, 0),
(1117, 12, 6702174101, 2, 0, 0, 0, 0, 0),
(1118, 12, 6702174027, 2, 0, 0, 0, 0, 0),
(1119, 12, 6702174038, 2, 0, 0, 0, 0, 0),
(1120, 12, 6702174061, 2, 0, 0, 0, 0, 0),
(1121, 12, 6702174054, 2, 0, 0, 0, 0, 0),
(1122, 12, 6702171056, 2, 0, 0, 0, 0, 0),
(1123, 12, 6702174005, 2, 0, 0, 0, 0, 0),
(1124, 12, 6702170033, 2, 0, 0, 0, 0, 0),
(1125, 12, 6702174044, 2, 0, 0, 0, 0, 0),
(1126, 12, 6702174082, 2, 0, 0, 0, 0, 0),
(1127, 12, 6702170058, 2, 0, 0, 0, 0, 0),
(1128, 12, 6702170073, 2, 0, 0, 0, 0, 0),
(1129, 12, 6702174051, 2, 0, 0, 0, 0, 0),
(1130, 12, 6702174090, 2, 0, 0, 0, 0, 0),
(1131, 12, 6702160108, 2, 0, 0, 0, 0, 0),
(1132, 12, 6702172052, 3, 0, 0, 0, 0, 0),
(1133, 12, 6702164111, 3, 0, 0, 0, 0, 0),
(1134, 12, 6702170031, 3, 0, 0, 0, 0, 0),
(1135, 12, 6702170049, 3, 0, 0, 0, 0, 0),
(1136, 12, 6702171080, 3, 0, 0, 0, 0, 0),
(1137, 12, 6702174105, 3, 0, 0, 0, 0, 0),
(1138, 12, 6702174025, 3, 0, 0, 0, 0, 0),
(1139, 12, 6702174083, 3, 0, 0, 0, 0, 0),
(1140, 12, 6702170114, 3, 0, 0, 0, 0, 0),
(1141, 12, 6702170059, 3, 0, 0, 0, 0, 0),
(1142, 12, 6702170006, 3, 0, 0, 0, 0, 0),
(1143, 12, 6702174108, 3, 0, 0, 0, 0, 0),
(1144, 12, 6702170087, 3, 0, 0, 0, 0, 0),
(1145, 12, 6702174003, 3, 0, 0, 0, 0, 0),
(1146, 12, 6702174046, 3, 0, 0, 0, 0, 0),
(1147, 12, 6702174009, 3, 0, 0, 0, 0, 0),
(1148, 12, 6702174092, 3, 0, 0, 0, 0, 0),
(1149, 12, 6702174074, 3, 0, 0, 0, 0, 0),
(1150, 12, 6702174037, 3, 0, 0, 0, 0, 0),
(1151, 12, 6702170077, 3, 0, 0, 0, 0, 0),
(1152, 12, 6702170039, 3, 0, 0, 0, 0, 0),
(1153, 12, 6702170055, 3, 0, 0, 0, 0, 0),
(1154, 12, 6702170071, 3, 0, 0, 0, 0, 0),
(1155, 12, 6702170102, 3, 0, 0, 0, 0, 0),
(1156, 12, 6702170016, 3, 0, 0, 0, 0, 0),
(1157, 12, 6702174086, 3, 0, 0, 0, 0, 0),
(1158, 12, 6702174019, 3, 0, 0, 0, 0, 0),
(1159, 12, 6702174022, 3, 0, 0, 0, 0, 0),
(1160, 12, 6702174042, 3, 0, 0, 0, 0, 0),
(1161, 12, 6702171093, 3, 0, 0, 0, 0, 0),
(1162, 12, 6704174098, 3, 0, 0, 0, 0, 0),
(1163, 12, 6702170068, 3, 0, 0, 0, 0, 0),
(1164, 12, 6702170099, 3, 0, 0, 0, 0, 0),
(1165, 13, 6702172007, 1, 0, 0, 0, 0, 0),
(1166, 13, 6702172001, 1, 0, 0, 0, 0, 0),
(1167, 13, 6702170053, 1, 0, 0, 0, 0, 0),
(1168, 13, 6702170066, 1, 0, 0, 0, 0, 0),
(1169, 13, 6702170060, 1, 0, 0, 0, 0, 0),
(1170, 13, 6702174050, 1, 0, 0, 0, 0, 0),
(1171, 13, 6702174081, 1, 0, 0, 0, 0, 0),
(1172, 13, 6702174017, 1, 0, 0, 0, 0, 0),
(1173, 13, 6702174100, 1, 0, 0, 0, 0, 0),
(1174, 13, 6702170020, 1, 0, 0, 0, 0, 0),
(1175, 13, 6702170088, 1, 0, 0, 0, 0, 0),
(1176, 13, 6702170075, 1, 0, 0, 0, 0, 0),
(1177, 13, 6702174014, 1, 0, 0, 0, 0, 0),
(1178, 13, 6702174026, 1, 0, 0, 0, 0, 0),
(1179, 13, 6702174023, 1, 0, 0, 0, 0, 0),
(1180, 13, 6702174032, 1, 0, 0, 0, 0, 0),
(1181, 13, 6702170029, 1, 0, 0, 0, 0, 0),
(1182, 13, 6702170109, 1, 0, 0, 0, 0, 0),
(1183, 13, 6702170010, 1, 0, 0, 0, 0, 0),
(1184, 13, 6702174094, 1, 0, 0, 0, 0, 0),
(1185, 13, 6702174072, 1, 0, 0, 0, 0, 0),
(1186, 13, 6702174013, 1, 0, 0, 0, 0, 0),
(1187, 13, 6702174036, 1, 0, 0, 0, 0, 0),
(1188, 13, 6702174078, 1, 0, 0, 0, 0, 0),
(1189, 13, 6702170106, 1, 0, 0, 0, 0, 0),
(1190, 13, 6702174089, 1, 0, 0, 0, 0, 0),
(1191, 13, 6702170084, 1, 0, 0, 0, 0, 0),
(1192, 13, 6702171040, 1, 0, 0, 0, 0, 0),
(1193, 13, 6702170057, 1, 0, 0, 0, 0, 0),
(1194, 13, 6702171069, 1, 0, 0, 0, 0, 0),
(1195, 13, 6702174095, 1, 0, 0, 0, 0, 0),
(1196, 13, 6702170045, 1, 0, 0, 0, 0, 0),
(1197, 13, 6702174043, 1, 0, 0, 0, 0, 0),
(1198, 13, 6702174103, 1, 0, 0, 0, 0, 0),
(1199, 13, 6702170070, 2, 0, 0, 0, 0, 0),
(1200, 13, 6702160014, 2, 0, 0, 0, 0, 0),
(1201, 13, 6702170076, 2, 0, 0, 0, 0, 0),
(1202, 13, 6702174011, 2, 0, 0, 0, 0, 0),
(1203, 13, 6702174110, 2, 0, 0, 0, 0, 0),
(1204, 13, 6702170018, 2, 0, 0, 0, 0, 0),
(1205, 13, 6702173021, 2, 0, 0, 0, 0, 0),
(1206, 13, 6702174104, 2, 0, 0, 0, 0, 0),
(1207, 13, 6702170034, 2, 0, 0, 0, 0, 0),
(1208, 13, 6702174015, 2, 0, 0, 0, 0, 0),
(1209, 13, 6702170091, 2, 0, 0, 0, 0, 0),
(1210, 13, 6702170064, 2, 0, 0, 0, 0, 0),
(1211, 13, 6702174107, 2, 0, 0, 0, 0, 0),
(1212, 13, 6702174024, 2, 0, 0, 0, 0, 0),
(1213, 13, 6702174002, 2, 0, 0, 0, 0, 0),
(1214, 13, 6702174101, 2, 0, 0, 0, 0, 0),
(1215, 13, 6702174027, 2, 0, 0, 0, 0, 0),
(1216, 13, 6702174038, 2, 0, 0, 0, 0, 0),
(1217, 13, 6702174061, 2, 0, 0, 0, 0, 0),
(1218, 13, 6702174054, 2, 0, 0, 0, 0, 0),
(1219, 13, 6702171056, 2, 0, 0, 0, 0, 0),
(1220, 13, 6702174005, 2, 0, 0, 0, 0, 0),
(1221, 13, 6702170033, 2, 0, 0, 0, 0, 0),
(1222, 13, 6702174044, 2, 0, 0, 0, 0, 0),
(1223, 13, 6702174082, 2, 0, 0, 0, 0, 0),
(1224, 13, 6702170058, 2, 0, 0, 0, 0, 0),
(1225, 13, 6702170073, 2, 0, 0, 0, 0, 0),
(1226, 13, 6702174051, 2, 0, 0, 0, 0, 0),
(1227, 13, 6702174090, 2, 0, 0, 0, 0, 0),
(1228, 13, 6702160108, 2, 0, 0, 0, 0, 0),
(1229, 13, 6702172052, 3, 0, 0, 0, 0, 0),
(1230, 13, 6702164111, 3, 0, 0, 0, 0, 0),
(1231, 13, 6702170031, 3, 0, 0, 0, 0, 0),
(1232, 13, 6702170049, 3, 0, 0, 0, 0, 0),
(1233, 13, 6702171080, 3, 0, 0, 0, 0, 0),
(1234, 13, 6702174105, 3, 0, 0, 0, 0, 0),
(1235, 13, 6702174025, 3, 0, 0, 0, 0, 0),
(1236, 13, 6702174083, 3, 0, 0, 0, 0, 0),
(1237, 13, 6702170114, 3, 0, 0, 0, 0, 0),
(1238, 13, 6702170059, 3, 0, 0, 0, 0, 0),
(1239, 13, 6702170006, 3, 0, 0, 0, 0, 0),
(1240, 13, 6702174108, 3, 0, 0, 0, 0, 0),
(1241, 13, 6702170087, 3, 0, 0, 0, 0, 0),
(1242, 13, 6702174003, 3, 0, 0, 0, 0, 0),
(1243, 13, 6702174046, 3, 0, 0, 0, 0, 0),
(1244, 13, 6702174009, 3, 0, 0, 0, 0, 0),
(1245, 13, 6702174092, 3, 0, 0, 0, 0, 0),
(1246, 13, 6702174074, 3, 0, 0, 0, 0, 0),
(1247, 13, 6702174037, 3, 0, 0, 0, 0, 0),
(1248, 13, 6702170077, 3, 0, 0, 0, 0, 0),
(1249, 13, 6702170039, 3, 0, 0, 0, 0, 0),
(1250, 13, 6702170055, 3, 0, 0, 0, 0, 0),
(1251, 13, 6702170071, 3, 0, 0, 0, 0, 0),
(1252, 13, 6702170102, 3, 0, 0, 0, 0, 0),
(1253, 13, 6702170016, 3, 0, 0, 0, 0, 0),
(1254, 13, 6702174086, 3, 0, 0, 0, 0, 0),
(1255, 13, 6702174019, 3, 0, 0, 0, 0, 0),
(1256, 13, 6702174022, 3, 0, 0, 0, 0, 0),
(1257, 13, 6702174042, 3, 0, 0, 0, 0, 0),
(1258, 13, 6702171093, 3, 0, 0, 0, 0, 0),
(1259, 13, 6704174098, 3, 0, 0, 0, 0, 0),
(1260, 13, 6702170068, 3, 0, 0, 0, 0, 0),
(1261, 13, 6702170099, 3, 0, 0, 0, 0, 0);

--
-- Indexes for dumped tables
--

--
-- Indeks untuk tabel `asprak`
--
ALTER TABLE `asprak`
  ADD PRIMARY KEY (`nim_asprak`),
  ADD UNIQUE KEY `nim_asprak` (`nim_asprak`);

--
-- Indeks untuk tabel `assesment`
--
ALTER TABLE `assesment`
  ADD PRIMARY KEY (`id_assesment`),
  ADD KEY `nim` (`nim`),
  ADD KEY `kelas` (`kelas`);

--
-- Indeks untuk tabel `kelas`
--
ALTER TABLE `kelas`
  ADD PRIMARY KEY (`kelas`);

--
-- Indeks untuk tabel `mahasiswa`
--
ALTER TABLE `mahasiswa`
  ADD PRIMARY KEY (`nim`),
  ADD UNIQUE KEY `nim` (`nim`),
  ADD KEY `kelas` (`kelas`);

--
-- Indeks untuk tabel `modul`
--
ALTER TABLE `modul`
  ADD PRIMARY KEY (`id_modul`);

--
-- Indeks untuk tabel `nilai`
--
ALTER TABLE `nilai`
  ADD PRIMARY KEY (`id_nilai`),
  ADD KEY `id_modul` (`id_modul`,`nim`),
  ADD KEY `nim` (`nim`),
  ADD KEY `kelas` (`kelas`);

--
-- AUTO_INCREMENT untuk tabel yang dibuang
--

--
-- AUTO_INCREMENT untuk tabel `assesment`
--
ALTER TABLE `assesment`
  MODIFY `id_assesment` int(11) NOT NULL AUTO_INCREMENT, AUTO_INCREMENT=98;

--
-- AUTO_INCREMENT untuk tabel `kelas`
--
ALTER TABLE `kelas`
  MODIFY `kelas` int(11) NOT NULL AUTO_INCREMENT, AUTO_INCREMENT=4;

--
-- AUTO_INCREMENT untuk tabel `modul`
--
ALTER TABLE `modul`
  MODIFY `id_modul` int(11) NOT NULL AUTO_INCREMENT, AUTO_INCREMENT=14;

--
-- AUTO_INCREMENT untuk tabel `nilai`
--
ALTER TABLE `nilai`
  MODIFY `id_nilai` int(11) NOT NULL AUTO_INCREMENT, AUTO_INCREMENT=1262;

--
-- Ketidakleluasaan untuk tabel pelimpahan (Dumped Tables)
--

--
-- Ketidakleluasaan untuk tabel `assesment`
--
ALTER TABLE `assesment`
  ADD CONSTRAINT `assesment_ibfk_1` FOREIGN KEY (`nim`) REFERENCES `mahasiswa` (`nim`),
  ADD CONSTRAINT `assesment_ibfk_2` FOREIGN KEY (`kelas`) REFERENCES `kelas` (`kelas`);

--
-- Ketidakleluasaan untuk tabel `mahasiswa`
--
ALTER TABLE `mahasiswa`
  ADD CONSTRAINT `mahasiswa_ibfk_1` FOREIGN KEY (`kelas`) REFERENCES `kelas` (`kelas`);

--
-- Ketidakleluasaan untuk tabel `nilai`
--
ALTER TABLE `nilai`
  ADD CONSTRAINT `nilai_ibfk_1` FOREIGN KEY (`nim`) REFERENCES `mahasiswa` (`nim`),
  ADD CONSTRAINT `nilai_ibfk_2` FOREIGN KEY (`id_modul`) REFERENCES `modul` (`id_modul`),
  ADD CONSTRAINT `nilai_ibfk_3` FOREIGN KEY (`kelas`) REFERENCES `kelas` (`kelas`);
COMMIT;

/*!40101 SET CHARACTER_SET_CLIENT=@OLD_CHARACTER_SET_CLIENT */;
/*!40101 SET CHARACTER_SET_RESULTS=@OLD_CHARACTER_SET_RESULTS */;
/*!40101 SET COLLATION_CONNECTION=@OLD_COLLATION_CONNECTION */;
